Time,theta1_acc,theta2_acc,d3_acc,theta4_acc
0,-0.097607,0.116393,0,-0.309559
0.02,-0.0970864,0.115834,0,-0.307908
0.04,-0.0965659,0.115275,0,-0.306257
0.06,-0.0960453,0.114716,0,-0.304606
0.08,-0.0955247,0.114158,0,-0.302955
0.1,-0.0950042,0.113599,0,-0.301304
0.12,-0.0944836,0.11304,0,-0.299653
0.14,-0.093963,0.112482,0,-0.298002
0.16,-0.0934425,0.111923,0,-0.296351
0.18,-0.0929219,0.111364,0,-0.2947
0.2,-0.0924013,0.110806,0,-0.293049
0.22,-0.0918807,0.110247,0,-0.291398
0.24,-0.0913602,0.109688,0,-0.289747
0.26,-0.0908396,0.10913,0,-0.288096
0.28,-0.090319,0.108571,0,-0.286445
0.3,-0.0897985,0.108012,0,-0.284794
0.32,-0.0892779,0.107454,0,-0.283143
0.34,-0.0887573,0.106895,0,-0.281492
0.36,-0.0882367,0.106336,0,-0.279841
0.38,-0.0877162,0.105778,0,-0.27819
0.4,-0.0871956,0.105219,0,-0.276539
0.42,-0.086675,0.10466,0,-0.274888
0.44,-0.0861545,0.104101,0,-0.273237
0.46,-0.0856339,0.103543,0,-0.271586
0.48,-0.0851133,0.102984,0,-0.269935
0.5,-0.0845927,0.102425,0,-0.268284
0.52,-0.0840722,0.101867,0,-0.266633
0.54,-0.0835516,0.101308,0,-0.264982
0.56,-0.083031,0.100749,0,-0.263331
0.58,-0.0825105,0.100191,0,-0.26168
0.6,-0.0819899,0.099632,0,-0.260029
0.62,-0.0814693,0.0990733,0,-0.258378
0.64,-0.0809488,0.0985146,0,-0.256727
0.66,-0.0804282,0.0979559,0,-0.255076
0.68,-0.0799076,0.0973972,0,-0.253425
0.7,-0.079387,0.0968386,0,-0.251774
0.72,-0.0788665,0.0962799,0,-0.250123
0.74,-0.0783459,0.0957212,0,-0.248472
0.76,-0.0778253,0.0951625,0,-0.246821
0.78,-0.0773048,0.0946038,0,-0.24517
0.8,-0.0767842,0.0940451,0,-0.243519
0.82,-0.0762636,0.0934865,0,-0.241869
0.84,-0.075743,0.0929278,0,-0.240218
0.86,-0.0752225,0.0923691,0,-0.238567
0.88,-0.0747019,0.0918104,0,-0.236916
0.9,-0.0741813,0.0912517,0,-0.235265
0.92,-0.0736608,0.090693,0,-0.233614
0.94,-0.0731402,0.0901344,0,-0.231963
0.96,-0.0726196,0.0895757,0,-0.230312
0.98,-0.0720991,0.089017,0,-0.228661
1,-0.0715785,0.0884583,0,-0.22701
1.02,-0.0710579,0.0878996,0,-0.225359
1.04,-0.0705373,0.0873409,0,-0.223708
1.06,-0.0700168,0.0867822,0,-0.222057
1.08,-0.0694962,0.0862236,0,-0.220406
1.1,-0.0689756,0.0856649,0,-0.218755
1.12,-0.0684551,0.0851062,0,-0.217104
1.14,-0.0679345,0.0845475,0,-0.215453
1.16,-0.0674139,0.0839888,0,-0.213802
1.18,-0.0668933,0.0834301,0,-0.212151
1.2,-0.0663728,0.0828715,0,-0.2105
1.22,-0.0658522,0.0823128,0,-0.208849
1.24,-0.0653316,0.0817541,0,-0.207198
1.26,-0.0648111,0.0811954,0,-0.205547
1.28,-0.0642905,0.0806367,0,-0.203896
1.3,-0.0637699,0.080078,0,-0.202245
1.32,-0.0632493,0.0795194,0,-0.200594
1.34,-0.0627288,0.0789607,0,-0.198943
1.36,-0.0622082,0.078402,0,-0.197292
1.38,-0.0616876,0.0778433,0,-0.195641
1.4,-0.0611671,0.0772846,0,-0.19399
1.42,-0.0606465,0.0767259,0,-0.192339
1.44,-0.0601259,0.0761673,0,-0.190688
1.46,-0.0596054,0.0756086,0,-0.189037
1.48,-0.0590848,0.0750499,0,-0.187386
1.5,-0.0585642,0.0744912,0,-0.185735
1.52,-0.0580436,0.0739325,0,-0.184084
1.54,-0.0575231,0.0733738,0,-0.182433
1.56,-0.0570025,0.0728151,0,-0.180782
1.58,-0.0564819,0.0722565,0,-0.179131
1.6,-0.0559614,0.0716978,0,-0.17748
1.62,-0.0554408,0.0711391,0,-0.175829
1.64,-0.0549202,0.0705804,0,-0.174178
1.66,-0.0543996,0.0700217,0,-0.172527
1.68,-0.0538791,0.069463,0,-0.170876
1.7,-0.0533585,0.0689044,0,-0.169225
1.72,-0.0528379,0.0683457,0,-0.167574
1.74,-0.0523174,0.067787,0,-0.165923
1.76,-0.0517968,0.0672283,0,-0.164272
1.78,-0.0512762,0.0666696,0,-0.162621
1.8,-0.0507556,0.0661109,0,-0.160971
1.82,-0.0502351,0.0655523,0,-0.15932
1.84,-0.0497145,0.0649936,0,-0.157669
1.86,-0.0491939,0.0644349,0,-0.156018
1.88,-0.0486734,0.0638762,0,-0.154367
1.9,-0.0481528,0.0633175,0,-0.152716
1.92,-0.0476322,0.0627588,0,-0.151065
1.94,-0.0471117,0.0622002,0,-0.149414
1.96,-0.0465911,0.0616415,0,-0.147763
1.98,-0.0460705,0.0610828,0,-0.146112
2,-0.0455499,0.0605241,0,-0.144461
2.02,-0.0450294,0.0599654,0,-0.14281
2.04,-0.0445088,0.0594067,0,-0.141159
2.06,-0.0439882,0.058848,0,-0.139508
2.08,-0.0434677,0.0582894,0,-0.137857
2.1,-0.0429471,0.0577307,0,-0.136206
2.12,-0.0424265,0.057172,0,-0.134555
2.14,-0.0419059,0.0566133,0,-0.132904
2.16,-0.0413854,0.0560546,0,-0.131253
2.18,-0.0408648,0.0554959,0,-0.129602
2.2,-0.0403442,0.0549373,0,-0.127951
2.22,-0.0398237,0.0543786,0,-0.1263
2.24,-0.0393031,0.0538199,0,-0.124649
2.26,-0.0387825,0.0532612,0,-0.122998
2.28,-0.038262,0.0527025,0,-0.121347
2.3,-0.0377414,0.0521438,0,-0.119696
2.32,-0.0372208,0.0515852,0,-0.118045
2.34,-0.0367002,0.0510265,0,-0.116394
2.36,-0.0361797,0.0504678,0,-0.114743
2.38,-0.0356591,0.0499091,0,-0.113092
2.4,-0.0351385,0.0493504,0,-0.111441
2.42,-0.034618,0.0487917,0,-0.10979
2.44,-0.0340974,0.0482331,0,-0.108139
2.46,-0.0335768,0.0476744,0,-0.106488
2.48,-0.0330562,0.0471157,0,-0.104837
2.5,-0.0325357,0.046557,0,-0.103186
2.52,-0.0320151,0.0459983,0,-0.101535
2.54,-0.0314945,0.0454396,0,-0.0998843
2.56,-0.030974,0.0448809,0,-0.0982333
2.58,-0.0304534,0.0443223,0,-0.0965823
2.6,-0.0299328,0.0437636,0,-0.0949313
2.62,-0.0294122,0.0432049,0,-0.0932803
2.64,-0.0288917,0.0426462,0,-0.0916294
2.66,-0.0283711,0.0420875,0,-0.0899784
2.68,-0.0278505,0.0415288,0,-0.0883274
2.7,-0.02733,0.0409702,0,-0.0866764
2.72,-0.0268094,0.0404115,0,-0.0850254
2.74,-0.0262888,0.0398528,0,-0.0833745
2.76,-0.0257683,0.0392941,0,-0.0817235
2.78,-0.0252477,0.0387354,0,-0.0800725
2.8,-0.0247271,0.0381767,0,-0.0784215
2.82,-0.0242065,0.0376181,0,-0.0767705
2.84,-0.023686,0.0370594,0,-0.0751196
2.86,-0.0231654,0.0365007,0,-0.0734686
2.88,-0.0226448,0.035942,0,-0.0718176
2.9,-0.0221243,0.0353833,0,-0.0701666
2.92,-0.0216037,0.0348246,0,-0.0685157
2.94,-0.0210831,0.034266,0,-0.0668647
2.96,-0.0205625,0.0337073,0,-0.0652137
2.98,-0.020042,0.0331486,0,-0.0635627
3,-0.0195214,0.0325899,0,-0.0619117
3.02,-0.0190008,0.0320312,0,-0.0602608
3.04,-0.0184803,0.0314725,0,-0.0586098
3.06,-0.0179597,0.0309138,0,-0.0569588
3.08,-0.0174391,0.0303552,0,-0.0553078
3.1,-0.0169185,0.0297965,0,-0.0536568
3.12,-0.016398,0.0292378,0,-0.0520059
3.14,-0.0158774,0.0286791,0,-0.0503549
3.16,-0.0153568,0.0281204,0,-0.0487039
3.18,-0.0148363,0.0275617,0,-0.0470529
3.2,-0.0143157,0.0270031,0,-0.0454019
3.22,-0.0137951,0.0264444,0,-0.043751
3.24,-0.0132746,0.0258857,0,-0.0421
3.26,-0.012754,0.025327,0,-0.040449
3.28,-0.0122334,0.0247683,0,-0.038798
3.3,-0.0117128,0.0242096,0,-0.037147
3.32,-0.0111923,0.023651,0,-0.0354961
3.34,-0.0106717,0.0230923,0,-0.0338451
3.36,-0.0101511,0.0225336,0,-0.0321941
3.38,-0.00963056,0.0219749,0,-0.0305431
3.4,-0.00910999,0.0214162,0,-0.0288921
3.42,-0.00858942,0.0208575,0,-0.0272412
3.44,-0.00806885,0.0202989,0,-0.0255902
3.46,-0.00754828,0.0197402,0,-0.0239392
3.48,-0.00702771,0.0191815,0,-0.0222882
3.5,-0.00650713,0.0186228,0,-0.0206372
3.52,-0.00598656,0.0180641,0,-0.0189863
3.54,-0.00546599,0.0175054,0,-0.0173353
3.56,-0.00494542,0.0169467,0,-0.0156843
3.58,-0.00442485,0.0163881,0,-0.0140333
3.6,-0.00390428,0.0158294,0,-0.0123823
3.62,-0.00338371,0.0152707,0,-0.0107314
3.64,-0.00286314,0.014712,0,-0.00908039
3.66,-0.00234257,0.0141533,0,-0.00742941
3.68,-0.001822,0.0135946,0,-0.00577843
3.7,-0.00130143,0.013036,0,-0.00412745
3.72,-0.000780856,0.0124773,0,-0.00247647
3.74,-0.000260285,0.0119186,0,-0.00082549
3.76,0.000260285,0.0113599,0,0.00082549
3.78,0.000780856,0.0108012,0,0.00247647
3.8,0.00130143,0.0102425,0,0.00412745
3.82,0.001822,0.00968386,0,0.00577843
3.84,0.00234257,0.00912517,0,0.00742941
3.86,0.00286314,0.00856649,0,0.00908039
3.88,0.00338371,0.0080078,0,0.0107314
3.9,0.00390428,0.00744912,0,0.0123823
3.92,0.00442485,0.00689044,0,0.0140333
3.94,0.00494542,0.00633175,0,0.0156843
3.96,0.00546599,0.00577307,0,0.0173353
3.98,0.00598656,0.00521438,0,0.0189863
4,0.00650713,0.0046557,0,0.0206372
4.02,0.00702771,0.00409702,0,0.0222882
4.04,0.00754828,0.00353833,0,0.0239392
4.06,0.00806885,0.00297965,0,0.0255902
4.08,0.00858942,0.00242096,0,0.0272412
4.1,0.00910999,0.00186228,0,0.0288921
4.12,0.00963056,0.0013036,0,0.0305431
4.14,0.0101511,0.000744912,0,0.0321941
4.16,0.0106717,0.000186228,0,0.0338451
4.18,0.0111923,-0.000372456,0,0.0354961
4.2,0.0117128,-0.00093114,0,0.037147
4.22,0.0122334,-0.00148982,0,0.038798
4.24,0.012754,-0.00204851,0,0.040449
4.26,0.0132746,-0.00260719,0,0.0421
4.28,0.0137951,-0.00316588,0,0.043751
4.3,0.0143157,-0.00372456,0,0.0454019
4.32,0.0148363,-0.00428324,0,0.0470529
4.34,0.0153568,-0.00484193,0,0.0487039
4.36,0.0158774,-0.00540061,0,0.0503549
4.38,0.016398,-0.0059593,0,0.0520059
4.4,0.0169185,-0.00651798,0,0.0536568
4.42,0.0174391,-0.00707666,0,0.0553078
4.44,0.0179597,-0.00763535,0,0.0569588
4.46,0.0184803,-0.00819403,0,0.0586098
4.48,0.0190008,-0.00875272,0,0.0602608
4.5,0.0195214,-0.0093114,0,0.0619117
4.52,0.020042,-0.00987008,0,0.0635627
4.54,0.0205625,-0.0104288,0,0.0652137
4.56,0.0210831,-0.0109875,0,0.0668647
4.58,0.0216037,-0.0115461,0,0.0685157
4.6,0.0221243,-0.0121048,0,0.0701666
4.62,0.0226448,-0.0126635,0,0.0718176
4.64,0.0231654,-0.0132222,0,0.0734686
4.66,0.023686,-0.0137809,0,0.0751196
4.68,0.0242065,-0.0143396,0,0.0767705
4.7,0.0247271,-0.0148982,0,0.0784215
4.72,0.0252477,-0.0154569,0,0.0800725
4.74,0.0257683,-0.0160156,0,0.0817235
4.76,0.0262888,-0.0165743,0,0.0833745
4.78,0.0268094,-0.017133,0,0.0850254
4.8,0.02733,-0.0176917,0,0.0866764
4.82,0.0278505,-0.0182503,0,0.0883274
4.84,0.0283711,-0.018809,0,0.0899784
4.86,0.0288917,-0.0193677,0,0.0916294
4.88,0.0294122,-0.0199264,0,0.0932803
4.9,0.0299328,-0.0204851,0,0.0949313
4.92,0.0304534,-0.0210438,0,0.0965823
4.94,0.030974,-0.0216024,0,0.0982333
4.96,0.0314945,-0.0221611,0,0.0998843
4.98,0.0320151,-0.0227198,0,0.101535
5,0.0325357,-0.0232785,0,0.103186
5.02,0.0330562,-0.0238372,0,0.104837
5.04,0.0335768,-0.0243959,0,0.106488
5.06,0.0340974,-0.0249546,0,0.108139
5.08,0.034618,-0.0255132,0,0.10979
5.1,0.0351385,-0.0260719,0,0.111441
5.12,0.0356591,-0.0266306,0,0.113092
5.14,0.0361797,-0.0271893,0,0.114743
5.16,0.0367002,-0.027748,0,0.116394
5.18,0.0372208,-0.0283067,0,0.118045
5.2,0.0377414,-0.0288653,0,0.119696
5.22,0.038262,-0.029424,0,0.121347
5.24,0.0387825,-0.0299827,0,0.122998
5.26,0.0393031,-0.0305414,0,0.124649
5.28,0.0398237,-0.0311001,0,0.1263
5.3,0.0403442,-0.0316588,0,0.127951
5.32,0.0408648,-0.0322174,0,0.129602
5.34,0.0413854,-0.0327761,0,0.131253
5.36,0.0419059,-0.0333348,0,0.132904
5.38,0.0424265,-0.0338935,0,0.134555
5.4,0.0429471,-0.0344522,0,0.136206
5.42,0.0434677,-0.0350109,0,0.137857
5.44,0.0439882,-0.0355695,0,0.139508
5.46,0.0445088,-0.0361282,0,0.141159
5.48,0.0450294,-0.0366869,0,0.14281
5.5,0.0455499,-0.0372456,0,0.144461
5.52,0.0460705,-0.0378043,0,0.146112
5.54,0.0465911,-0.038363,0,0.147763
5.56,0.0471117,-0.0389217,0,0.149414
5.58,0.0476322,-0.0394803,0,0.151065
5.6,0.0481528,-0.040039,0,0.152716
5.62,0.0486734,-0.0405977,0,0.154367
5.64,0.0491939,-0.0411564,0,0.156018
5.66,0.0497145,-0.0417151,0,0.157669
5.68,0.0502351,-0.0422738,0,0.15932
5.7,0.0507556,-0.0428324,0,0.160971
5.72,0.0512762,-0.0433911,0,0.162621
5.74,0.0517968,-0.0439498,0,0.164272
5.76,0.0523174,-0.0445085,0,0.165923
5.78,0.0528379,-0.0450672,0,0.167574
5.8,0.0533585,-0.0456259,0,0.169225
5.82,0.0538791,-0.0461845,0,0.170876
5.84,0.0543996,-0.0467432,0,0.172527
5.86,0.0549202,-0.0473019,0,0.174178
5.88,0.0554408,-0.0478606,0,0.175829
5.9,0.0559614,-0.0484193,0,0.17748
5.92,0.0564819,-0.048978,0,0.179131
5.94,0.0570025,-0.0495366,0,0.180782
5.96,0.0575231,-0.0500953,0,0.182433
5.98,0.0580436,-0.050654,0,0.184084
6,0.0585642,-0.0512127,0,0.185735
6.02,0.0590848,-0.0517714,0,0.187386
6.04,0.0596054,-0.0523301,0,0.189037
6.06,0.0601259,-0.0528888,0,0.190688
6.08,0.0606465,-0.0534474,0,0.192339
6.1,0.0611671,-0.0540061,0,0.19399
6.12,0.0616876,-0.0545648,0,0.195641
6.14,0.0622082,-0.0551235,0,0.197292
6.16,0.0627288,-0.0556822,0,0.198943
6.18,0.0632493,-0.0562409,0,0.200594
6.2,0.0637699,-0.0567995,0,0.202245
6.22,0.0642905,-0.0573582,0,0.203896
6.24,0.0648111,-0.0579169,0,0.205547
6.26,0.0653316,-0.0584756,0,0.207198
6.28,0.0658522,-0.0590343,0,0.208849
6.3,0.0663728,-0.059593,0,0.2105
6.32,0.0668933,-0.0601516,0,0.212151
6.34,0.0674139,-0.0607103,0,0.213802
6.36,0.0679345,-0.061269,0,0.215453
6.38,0.0684551,-0.0618277,0,0.217104
6.4,0.0689756,-0.0623864,0,0.218755
6.42,0.0694962,-0.0629451,0,0.220406
6.44,0.0700168,-0.0635037,0,0.222057
6.46,0.0705373,-0.0640624,0,0.223708
6.48,0.0710579,-0.0646211,0,0.225359
6.5,0.0715785,-0.0651798,0,0.22701
6.52,0.0720991,-0.0657385,0,0.228661
6.54,0.0726196,-0.0662972,0,0.230312
6.56,0.0731402,-0.0668559,0,0.231963
6.58,0.0736608,-0.0674145,0,0.233614
6.6,0.0741813,-0.0679732,0,0.235265
6.62,0.0747019,-0.0685319,0,0.236916
6.64,0.0752225,-0.0690906,0,0.238567
6.66,0.075743,-0.0696493,0,0.240218
6.68,0.0762636,-0.070208,0,0.241869
6.7,0.0767842,-0.0707666,0,0.243519
6.72,0.0773048,-0.0713253,0,0.24517
6.74,0.0778253,-0.071884,0,0.246821
6.76,0.0783459,-0.0724427,0,0.248472
6.78,0.0788665,-0.0730014,0,0.250123
6.8,0.079387,-0.0735601,0,0.251774
6.82,0.0799076,-0.0741187,0,0.253425
6.84,0.0804282,-0.0746774,0,0.255076
6.86,0.0809488,-0.0752361,0,0.256727
6.88,0.0814693,-0.0757948,0,0.258378
6.9,0.0819899,-0.0763535,0,0.260029
6.92,0.0825105,-0.0769122,0,0.26168
6.94,0.083031,-0.0774708,0,0.263331
6.96,0.0835516,-0.0780295,0,0.264982
6.98,0.0840722,-0.0785882,0,0.266633
7,0.0845927,-0.0791469,0,0.268284
7.02,0.0851133,-0.0797056,0,0.269935
7.04,0.0856339,-0.0802643,0,0.271586
7.06,0.0861545,-0.080823,0,0.273237
7.08,0.086675,-0.0813816,0,0.274888
7.1,0.0871956,-0.0819403,0,0.276539
7.12,0.0877162,-0.082499,0,0.27819
7.14,0.0882367,-0.0830577,0,0.279841
7.16,0.0887573,-0.0836164,0,0.281492
7.18,0.0892779,-0.0841751,0,0.283143
7.2,0.0897985,-0.0847337,0,0.284794
7.22,0.090319,-0.0852924,0,0.286445
7.24,0.0908396,-0.0858511,0,0.288096
7.26,0.0913602,-0.0864098,0,0.289747
7.28,0.0918807,-0.0869685,0,0.291398
7.3,0.0924013,-0.0875272,0,0.293049
7.32,0.0929219,-0.0880858,0,0.2947
7.34,0.0934425,-0.0886445,0,0.296351
7.36,0.093963,-0.0892032,0,0.298002
7.38,0.0944836,-0.0897619,0,0.299653
7.4,0.0950042,-0.0903206,0,0.301304
7.42,0.0955247,-0.0908793,0,0.302955
7.44,0.0960453,-0.0914379,0,0.304606
7.46,0.0965659,-0.0919966,0,0.306257
7.48,0.0970864,-0.0925553,0,0.307908
7.5,0.097607,-0.093114,0,0.309559
7.5,0.0811747,-0.046557,0,0.0253242
7.52,0.0807418,-0.0463708,0,0.025338
7.54,0.0803088,-0.0461845,0,0.0253519
7.56,0.0798759,-0.0459983,0,0.0253658
7.58,0.079443,-0.0458121,0,0.0253796
7.6,0.07901,-0.0456259,0,0.0253935
7.62,0.0785771,-0.0454396,0,0.0254074
7.64,0.0781442,-0.0452534,0,0.0254213
7.66,0.0777112,-0.0450672,0,0.0254351
7.68,0.0772783,-0.0448809,0,0.025449
7.7,0.0768454,-0.0446947,0,0.0254629
7.72,0.0764124,-0.0445085,0,0.0254768
7.74,0.0759795,-0.0443223,0,0.0254906
7.76,0.0755466,-0.044136,0,0.0255045
7.78,0.0751136,-0.0439498,0,0.0255184
7.8,0.0746807,-0.0437636,0,0.0255322
7.82,0.0742478,-0.0435774,0,0.0255461
7.84,0.0738149,-0.0433911,0,0.02556
7.86,0.0733819,-0.0432049,0,0.0255739
7.88,0.072949,-0.0430187,0,0.0255877
7.9,0.0725161,-0.0428324,0,0.0256016
7.92,0.0720831,-0.0426462,0,0.0256155
7.94,0.0716502,-0.04246,0,0.0256294
7.96,0.0712173,-0.0422738,0,0.0256432
7.98,0.0707843,-0.0420875,0,0.0256571
8,0.0703514,-0.0419013,0,0.025671
8.02,0.0699185,-0.0417151,0,0.0256848
8.04,0.0694855,-0.0415288,0,0.0256987
8.06,0.0690526,-0.0413426,0,0.0257126
8.08,0.0686197,-0.0411564,0,0.0257265
8.1,0.0681867,-0.0409702,0,0.0257403
8.12,0.0677538,-0.0407839,0,0.0257542
8.14,0.0673209,-0.0405977,0,0.0257681
8.16,0.0668879,-0.0404115,0,0.025782
8.18,0.066455,-0.0402252,0,0.0257958
8.2,0.0660221,-0.040039,0,0.0258097
8.22,0.0655892,-0.0398528,0,0.0258236
8.24,0.0651562,-0.0396666,0,0.0258374
8.26,0.0647233,-0.0394803,0,0.0258513
8.28,0.0642904,-0.0392941,0,0.0258652
8.3,0.0638574,-0.0391079,0,0.0258791
8.32,0.0634245,-0.0389217,0,0.0258929
8.34,0.0629916,-0.0387354,0,0.0259068
8.36,0.0625586,-0.0385492,0,0.0259207
8.38,0.0621257,-0.038363,0,0.0259346
8.4,0.0616928,-0.0381767,0,0.0259484
8.42,0.0612598,-0.0379905,0,0.0259623
8.44,0.0608269,-0.0378043,0,0.0259762
8.46,0.060394,-0.0376181,0,0.02599
8.48,0.059961,-0.0374318,0,0.0260039
8.5,0.0595281,-0.0372456,0,0.0260178
8.52,0.0590952,-0.0370594,0,0.0260317
8.54,0.0586622,-0.0368731,0,0.0260455
8.56,0.0582293,-0.0366869,0,0.0260594
8.58,0.0577964,-0.0365007,0,0.0260733
8.6,0.0573635,-0.0363145,0,0.0260872
8.62,0.0569305,-0.0361282,0,0.026101
8.64,0.0564976,-0.035942,0,0.0261149
8.66,0.0560647,-0.0357558,0,0.0261288
8.68,0.0556317,-0.0355695,0,0.0261426
8.7,0.0551988,-0.0353833,0,0.0261565
8.72,0.0547659,-0.0351971,0,0.0261704
8.74,0.0543329,-0.0350109,0,0.0261843
8.76,0.0539,-0.0348246,0,0.0261981
8.78,0.0534671,-0.0346384,0,0.026212
8.8,0.0530341,-0.0344522,0,0.0262259
8.82,0.0526012,-0.034266,0,0.0262397
8.84,0.0521683,-0.0340797,0,0.0262536
8.86,0.0517353,-0.0338935,0,0.0262675
8.88,0.0513024,-0.0337073,0,0.0262814
8.9,0.0508695,-0.033521,0,0.0262952
8.92,0.0504365,-0.0333348,0,0.0263091
8.94,0.0500036,-0.0331486,0,0.026323
8.96,0.0495707,-0.0329624,0,0.0263369
8.98,0.0491377,-0.0327761,0,0.0263507
9,0.0487048,-0.0325899,0,0.0263646
9.02,0.0482719,-0.0324037,0,0.0263785
9.04,0.047839,-0.0322174,0,0.0263923
9.06,0.047406,-0.0320312,0,0.0264062
9.08,0.0469731,-0.031845,0,0.0264201
9.1,0.0465402,-0.0316588,0,0.026434
9.12,0.0461072,-0.0314725,0,0.0264478
9.14,0.0456743,-0.0312863,0,0.0264617
9.16,0.0452414,-0.0311001,0,0.0264756
9.18,0.0448084,-0.0309138,0,0.0264895
9.2,0.0443755,-0.0307276,0,0.0265033
9.22,0.0439426,-0.0305414,0,0.0265172
9.24,0.0435096,-0.0303552,0,0.0265311
9.26,0.0430767,-0.0301689,0,0.0265449
9.28,0.0426438,-0.0299827,0,0.0265588
9.3,0.0422108,-0.0297965,0,0.0265727
9.32,0.0417779,-0.0296103,0,0.0265866
9.34,0.041345,-0.029424,0,0.0266004
9.36,0.040912,-0.0292378,0,0.0266143
9.38,0.0404791,-0.0290516,0,0.0266282
9.4,0.0400462,-0.0288653,0,0.0266421
9.42,0.0396133,-0.0286791,0,0.0266559
9.44,0.0391803,-0.0284929,0,0.0266698
9.46,0.0387474,-0.0283067,0,0.0266837
9.48,0.0383145,-0.0281204,0,0.0266975
9.5,0.0378815,-0.0279342,0,0.0267114
9.52,0.0374486,-0.027748,0,0.0267253
9.54,0.0370157,-0.0275617,0,0.0267392
9.56,0.0365827,-0.0273755,0,0.026753
9.58,0.0361498,-0.0271893,0,0.0267669
9.6,0.0357169,-0.0270031,0,0.0267808
9.62,0.0352839,-0.0268168,0,0.0267947
9.64,0.034851,-0.0266306,0,0.0268085
9.66,0.0344181,-0.0264444,0,0.0268224
9.68,0.0339851,-0.0262581,0,0.0268363
9.7,0.0335522,-0.0260719,0,0.0268501
9.72,0.0331193,-0.0258857,0,0.026864
9.74,0.0326863,-0.0256995,0,0.0268779
9.76,0.0322534,-0.0255132,0,0.0268918
9.78,0.0318205,-0.025327,0,0.0269056
9.8,0.0313875,-0.0251408,0,0.0269195
9.82,0.0309546,-0.0249546,0,0.0269334
9.84,0.0305217,-0.0247683,0,0.0269473
9.86,0.0300888,-0.0245821,0,0.0269611
9.88,0.0296558,-0.0243959,0,0.026975
9.9,0.0292229,-0.0242096,0,0.0269889
9.92,0.02879,-0.0240234,0,0.0270027
9.94,0.028357,-0.0238372,0,0.0270166
9.96,0.0279241,-0.023651,0,0.0270305
9.98,0.0274912,-0.0234647,0,0.0270444
10,0.0270582,-0.0232785,0,0.0270582
10.02,0.0266253,-0.0230923,0,0.0270721
10.04,0.0261924,-0.022906,0,0.027086
10.06,0.0257594,-0.0227198,0,0.0270998
10.08,0.0253265,-0.0225336,0,0.0271137
10.1,0.0248936,-0.0223474,0,0.0271276
10.12,0.0244606,-0.0221611,0,0.0271415
10.14,0.0240277,-0.0219749,0,0.0271553
10.16,0.0235948,-0.0217887,0,0.0271692
10.18,0.0231618,-0.0216024,0,0.0271831
10.2,0.0227289,-0.0214162,0,0.027197
10.22,0.022296,-0.02123,0,0.0272108
10.24,0.0218631,-0.0210438,0,0.0272247
10.26,0.0214301,-0.0208575,0,0.0272386
10.28,0.0209972,-0.0206713,0,0.0272524
10.3,0.0205643,-0.0204851,0,0.0272663
10.32,0.0201313,-0.0202989,0,0.0272802
10.34,0.0196984,-0.0201126,0,0.0272941
10.36,0.0192655,-0.0199264,0,0.0273079
10.38,0.0188325,-0.0197402,0,0.0273218
10.4,0.0183996,-0.0195539,0,0.0273357
10.42,0.0179667,-0.0193677,0,0.0273496
10.44,0.0175337,-0.0191815,0,0.0273634
10.46,0.0171008,-0.0189953,0,0.0273773
10.48,0.0166679,-0.018809,0,0.0273912
10.5,0.0162349,-0.0186228,0,0.027405
10.52,0.015802,-0.0184366,0,0.0274189
10.54,0.0153691,-0.0182503,0,0.0274328
10.56,0.0149361,-0.0180641,0,0.0274467
10.58,0.0145032,-0.0178779,0,0.0274605
10.6,0.0140703,-0.0176917,0,0.0274744
10.62,0.0136373,-0.0175054,0,0.0274883
10.64,0.0132044,-0.0173192,0,0.0275022
10.66,0.0127715,-0.017133,0,0.027516
10.68,0.0123386,-0.0169467,0,0.0275299
10.7,0.0119056,-0.0167605,0,0.0275438
10.72,0.0114727,-0.0165743,0,0.0275576
10.74,0.0110398,-0.0163881,0,0.0275715
10.76,0.0106068,-0.0162018,0,0.0275854
10.78,0.0101739,-0.0160156,0,0.0275993
10.8,0.00974096,-0.0158294,0,0.0276131
10.82,0.00930803,-0.0156432,0,0.027627
10.84,0.0088751,-0.0154569,0,0.0276409
10.86,0.00844217,-0.0152707,0,0.0276548
10.88,0.00800924,-0.0150845,0,0.0276686
10.9,0.0075763,-0.0148982,0,0.0276825
10.92,0.00714337,-0.014712,0,0.0276964
10.94,0.00671044,-0.0145258,0,0.0277102
10.96,0.00627751,-0.0143396,0,0.0277241
10.98,0.00584458,-0.0141533,0,0.027738
11,0.00541165,-0.0139671,0,0.0277519
11.02,0.00497871,-0.0137809,0,0.0277657
11.04,0.00454578,-0.0135946,0,0.0277796
11.06,0.00411285,-0.0134084,0,0.0277935
11.08,0.00367992,-0.0132222,0,0.0278074
11.1,0.00324699,-0.013036,0,0.0278212
11.12,0.00281406,-0.0128497,0,0.0278351
11.14,0.00238112,-0.0126635,0,0.027849
11.16,0.00194819,-0.0124773,0,0.0278628
11.18,0.00151526,-0.012291,0,0.0278767
11.2,0.00108233,-0.0121048,0,0.0278906
11.22,0.000649398,-0.0119186,0,0.0279045
11.24,0.000216466,-0.0117324,0,0.0279183
11.26,-0.000216466,-0.0115461,0,0.0279322
11.28,-0.000649398,-0.0113599,0,0.0279461
11.3,-0.00108233,-0.0111737,0,0.0279599
11.32,-0.00151526,-0.0109875,0,0.0279738
11.34,-0.00194819,-0.0108012,0,0.0279877
11.36,-0.00238112,-0.010615,0,0.0280016
11.38,-0.00281406,-0.0104288,0,0.0280154
11.4,-0.00324699,-0.0102425,0,0.0280293
11.42,-0.00367992,-0.0100563,0,0.0280432
11.44,-0.00411285,-0.00987008,0,0.0280571
11.46,-0.00454578,-0.00968386,0,0.0280709
11.48,-0.00497871,-0.00949763,0,0.0280848
11.5,-0.00541165,-0.0093114,0,0.0280987
11.52,-0.00584458,-0.00912517,0,0.0281125
11.54,-0.00627751,-0.00893894,0,0.0281264
11.56,-0.00671044,-0.00875272,0,0.0281403
11.58,-0.00714337,-0.00856649,0,0.0281542
11.6,-0.0075763,-0.00838026,0,0.028168
11.62,-0.00800924,-0.00819403,0,0.0281819
11.64,-0.00844217,-0.0080078,0,0.0281958
11.66,-0.0088751,-0.00782158,0,0.0282097
11.68,-0.00930803,-0.00763535,0,0.0282235
11.7,-0.00974096,-0.00744912,0,0.0282374
11.72,-0.0101739,-0.00726289,0,0.0282513
11.74,-0.0106068,-0.00707666,0,0.0282651
11.76,-0.0110398,-0.00689044,0,0.028279
11.78,-0.0114727,-0.00670421,0,0.0282929
11.8,-0.0119056,-0.00651798,0,0.0283068
11.82,-0.0123386,-0.00633175,0,0.0283206
11.84,-0.0127715,-0.00614552,0,0.0283345
11.86,-0.0132044,-0.0059593,0,0.0283484
11.88,-0.0136373,-0.00577307,0,0.0283623
11.9,-0.0140703,-0.00558684,0,0.0283761
11.92,-0.0145032,-0.00540061,0,0.02839
11.94,-0.0149361,-0.00521438,0,0.0284039
11.96,-0.0153691,-0.00502816,0,0.0284177
11.98,-0.015802,-0.00484193,0,0.0284316
12,-0.0162349,-0.0046557,0,0.0284455
12.02,-0.0166679,-0.00446947,0,0.0284594
12.04,-0.0171008,-0.00428324,0,0.0284732
12.06,-0.0175337,-0.00409702,0,0.0284871
12.08,-0.0179667,-0.00391079,0,0.028501
12.1,-0.0183996,-0.00372456,0,0.0285149
12.12,-0.0188325,-0.00353833,0,0.0285287
12.14,-0.0192655,-0.0033521,0,0.0285426
12.16,-0.0196984,-0.00316588,0,0.0285565
12.18,-0.0201313,-0.00297965,0,0.0285703
12.2,-0.0205643,-0.00279342,0,0.0285842
12.22,-0.0209972,-0.00260719,0,0.0285981
12.24,-0.0214301,-0.00242096,0,0.028612
12.26,-0.0218631,-0.00223474,0,0.0286258
12.28,-0.022296,-0.00204851,0,0.0286397
12.3,-0.0227289,-0.00186228,0,0.0286536
12.32,-0.0231618,-0.00167605,0,0.0286674
12.34,-0.0235948,-0.00148982,0,0.0286813
12.36,-0.0240277,-0.0013036,0,0.0286952
12.38,-0.0244606,-0.00111737,0,0.0287091
12.4,-0.0248936,-0.00093114,0,0.0287229
12.42,-0.0253265,-0.000744912,0,0.0287368
12.44,-0.0257594,-0.000558684,0,0.0287507
12.46,-0.0261924,-0.000372456,0,0.0287646
12.48,-0.0266253,-0.000186228,0,0.0287784
12.5,-0.0270582,0,0,0.0287923
12.52,-0.0274912,0.000186228,0,0.0288062
12.54,-0.0279241,0.000372456,0,0.02882
12.56,-0.028357,0.000558684,0,0.0288339
12.58,-0.02879,0.000744912,0,0.0288478
12.6,-0.0292229,0.00093114,0,0.0288617
12.62,-0.0296558,0.00111737,0,0.0288755
12.64,-0.0300888,0.0013036,0,0.0288894
12.66,-0.0305217,0.00148982,0,0.0289033
12.68,-0.0309546,0.00167605,0,0.0289172
12.7,-0.0313875,0.00186228,0,0.028931
12.72,-0.0318205,0.00204851,0,0.0289449
12.74,-0.0322534,0.00223474,0,0.0289588
12.76,-0.0326863,0.00242096,0,0.0289726
12.78,-0.0331193,0.00260719,0,0.0289865
12.8,-0.0335522,0.00279342,0,0.0290004
12.82,-0.0339851,0.00297965,0,0.0290143
12.84,-0.0344181,0.00316588,0,0.0290281
12.86,-0.034851,0.0033521,0,0.029042
12.88,-0.0352839,0.00353833,0,0.0290559
12.9,-0.0357169,0.00372456,0,0.0290698
12.92,-0.0361498,0.00391079,0,0.0290836
12.94,-0.0365827,0.00409702,0,0.0290975
12.96,-0.0370157,0.00428324,0,0.0291114
12.98,-0.0374486,0.00446947,0,0.0291252
13,-0.0378815,0.0046557,0,0.0291391
13.02,-0.0383145,0.00484193,0,0.029153
13.04,-0.0387474,0.00502816,0,0.0291669
13.06,-0.0391803,0.00521438,0,0.0291807
13.08,-0.0396133,0.00540061,0,0.0291946
13.1,-0.0400462,0.00558684,0,0.0292085
13.12,-0.0404791,0.00577307,0,0.0292224
13.14,-0.040912,0.0059593,0,0.0292362
13.16,-0.041345,0.00614552,0,0.0292501
13.18,-0.0417779,0.00633175,0,0.029264
13.2,-0.0422108,0.00651798,0,0.0292778
13.22,-0.0426438,0.00670421,0,0.0292917
13.24,-0.0430767,0.00689044,0,0.0293056
13.26,-0.0435096,0.00707666,0,0.0293195
13.28,-0.0439426,0.00726289,0,0.0293333
13.3,-0.0443755,0.00744912,0,0.0293472
13.32,-0.0448084,0.00763535,0,0.0293611
13.34,-0.0452414,0.00782158,0,0.029375
13.36,-0.0456743,0.0080078,0,0.0293888
13.38,-0.0461072,0.00819403,0,0.0294027
13.4,-0.0465402,0.00838026,0,0.0294166
13.42,-0.0469731,0.00856649,0,0.0294304
13.44,-0.047406,0.00875272,0,0.0294443
13.46,-0.047839,0.00893894,0,0.0294582
13.48,-0.0482719,0.00912517,0,0.0294721
13.5,-0.0487048,0.0093114,0,0.0294859
13.52,-0.0491377,0.00949763,0,0.0294998
13.54,-0.0495707,0.00968386,0,0.0295137
13.56,-0.0500036,0.00987008,0,0.0295275
13.58,-0.0504365,0.0100563,0,0.0295414
13.6,-0.0508695,0.0102425,0,0.0295553
13.62,-0.0513024,0.0104288,0,0.0295692
13.64,-0.0517353,0.010615,0,0.029583
13.66,-0.0521683,0.0108012,0,0.0295969
13.68,-0.0526012,0.0109875,0,0.0296108
13.7,-0.0530341,0.0111737,0,0.0296247
13.72,-0.0534671,0.0113599,0,0.0296385
13.74,-0.0539,0.0115461,0,0.0296524
13.76,-0.0543329,0.0117324,0,0.0296663
13.78,-0.0547659,0.0119186,0,0.0296801
13.8,-0.0551988,0.0121048,0,0.029694
13.82,-0.0556317,0.012291,0,0.0297079
13.84,-0.0560647,0.0124773,0,0.0297218
13.86,-0.0564976,0.0126635,0,0.0297356
13.88,-0.0569305,0.0128497,0,0.0297495
13.9,-0.0573635,0.013036,0,0.0297634
13.92,-0.0577964,0.0132222,0,0.0297773
13.94,-0.0582293,0.0134084,0,0.0297911
13.96,-0.0586622,0.0135946,0,0.029805
13.98,-0.0590952,0.0137809,0,0.0298189
14,-0.0595281,0.0139671,0,0.0298327
14.02,-0.059961,0.0141533,0,0.0298466
14.04,-0.060394,0.0143396,0,0.0298605
14.06,-0.0608269,0.0145258,0,0.0298744
14.08,-0.0612598,0.014712,0,0.0298882
14.1,-0.0616928,0.0148982,0,0.0299021
14.12,-0.0621257,0.0150845,0,0.029916
14.14,-0.0625586,0.0152707,0,0.0299299
14.16,-0.0629916,0.0154569,0,0.0299437
14.18,-0.0634245,0.0156432,0,0.0299576
14.2,-0.0638574,0.0158294,0,0.0299715
14.22,-0.0642904,0.0160156,0,0.0299853
14.24,-0.0647233,0.0162018,0,0.0299992
14.26,-0.0651562,0.0163881,0,0.0300131
14.28,-0.0655892,0.0165743,0,0.030027
14.3,-0.0660221,0.0167605,0,0.0300408
14.32,-0.066455,0.0169467,0,0.0300547
14.34,-0.0668879,0.017133,0,0.0300686
14.36,-0.0673209,0.0173192,0,0.0300825
14.38,-0.0677538,0.0175054,0,0.0300963
14.4,-0.0681867,0.0176917,0,0.0301102
14.42,-0.0686197,0.0178779,0,0.0301241
14.44,-0.0690526,0.0180641,0,0.0301379
14.46,-0.0694855,0.0182503,0,0.0301518
14.48,-0.0699185,0.0184366,0,0.0301657
14.5,-0.0703514,0.0186228,0,0.0301796
14.52,-0.0707843,0.018809,0,0.0301934
14.54,-0.0712173,0.0189953,0,0.0302073
14.56,-0.0716502,0.0191815,0,0.0302212
14.58,-0.0720831,0.0193677,0,0.0302351
14.6,-0.0725161,0.0195539,0,0.0302489
14.62,-0.072949,0.0197402,0,0.0302628
14.64,-0.0733819,0.0199264,0,0.0302767
14.66,-0.0738149,0.0201126,0,0.0302905
14.68,-0.0742478,0.0202989,0,0.0303044
14.7,-0.0746807,0.0204851,0,0.0303183
14.72,-0.0751136,0.0206713,0,0.0303322
14.74,-0.0755466,0.0208575,0,0.030346
14.76,-0.0759795,0.0210438,0,0.0303599
14.78,-0.0764124,0.02123,0,0.0303738
14.8,-0.0768454,0.0214162,0,0.0303876
14.82,-0.0772783,0.0216024,0,0.0304015
14.84,-0.0777112,0.0217887,0,0.0304154
14.86,-0.0781442,0.0219749,0,0.0304293
14.88,-0.0785771,0.0221611,0,0.0304431
14.9,-0.07901,0.0223474,0,0.030457
14.92,-0.079443,0.0225336,0,0.0304709
14.94,-0.0798759,0.0227198,0,0.0304848
14.96,-0.0803088,0.022906,0,0.0304986
14.98,-0.0807418,0.0230923,0,0.0305125
15,-0.0811747,0.0232785,0,0.0305264
15,-0.416278,0,0,0.0863769
15.02,-0.414058,0,0,0.0859162
15.04,-0.411838,0,0,0.0854556
15.06,-0.409617,0,0,0.0849949
15.08,-0.407397,0,0,0.0845342
15.1,-0.405177,0,0,0.0840735
15.12,-0.402957,0,0,0.0836128
15.14,-0.400737,0,0,0.0831522
15.16,-0.398517,0,0,0.0826915
15.18,-0.396297,0,0,0.0822308
15.2,-0.394076,0,0,0.0817701
15.22,-0.391856,0,0,0.0813095
15.24,-0.389636,0,0,0.0808488
15.26,-0.387416,0,0,0.0803881
15.28,-0.385196,0,0,0.0799274
15.3,-0.382976,0,0,0.0794668
15.32,-0.380756,0,0,0.0790061
15.34,-0.378535,0,0,0.0785454
15.36,-0.376315,0,0,0.0780847
15.38,-0.374095,0,0,0.077624
15.4,-0.371875,0,0,0.0771634
15.42,-0.369655,0,0,0.0767027
15.44,-0.367435,0,0,0.076242
15.46,-0.365214,0,0,0.0757813
15.48,-0.362994,0,0,0.0753207
15.5,-0.360774,0,0,0.07486
15.52,-0.358554,0,0,0.0743993
15.54,-0.356334,0,0,0.0739386
15.56,-0.354114,0,0,0.073478
15.58,-0.351894,0,0,0.0730173
15.6,-0.349673,0,0,0.0725566
15.62,-0.347453,0,0,0.0720959
15.64,-0.345233,0,0,0.0716352
15.66,-0.343013,0,0,0.0711746
15.68,-0.340793,0,0,0.0707139
15.7,-0.338573,0,0,0.0702532
15.72,-0.336353,0,0,0.0697925
15.74,-0.334132,0,0,0.0693319
15.76,-0.331912,0,0,0.0688712
15.78,-0.329692,0,0,0.0684105
15.8,-0.327472,0,0,0.0679498
15.82,-0.325252,0,0,0.0674892
15.84,-0.323032,0,0,0.0670285
15.86,-0.320812,0,0,0.0665678
15.88,-0.318591,0,0,0.0661071
15.9,-0.316371,0,0,0.0656465
15.92,-0.314151,0,0,0.0651858
15.94,-0.311931,0,0,0.0647251
15.96,-0.309711,0,0,0.0642644
15.98,-0.307491,0,0,0.0638037
16,-0.30527,0,0,0.0633431
16.02,-0.30305,0,0,0.0628824
16.04,-0.30083,0,0,0.0624217
16.06,-0.29861,0,0,0.061961
16.08,-0.29639,0,0,0.0615004
16.1,-0.29417,0,0,0.0610397
16.12,-0.29195,0,0,0.060579
16.14,-0.289729,0,0,0.0601183
16.16,-0.287509,0,0,0.0596577
16.18,-0.285289,0,0,0.059197
16.2,-0.283069,0,0,0.0587363
16.22,-0.280849,0,0,0.0582756
16.24,-0.278629,0,0,0.0578149
16.26,-0.276409,0,0,0.0573543
16.28,-0.274188,0,0,0.0568936
16.3,-0.271968,0,0,0.0564329
16.32,-0.269748,0,0,0.0559722
16.34,-0.267528,0,0,0.0555116
16.36,-0.265308,0,0,0.0550509
16.38,-0.263088,0,0,0.0545902
16.4,-0.260867,0,0,0.0541295
16.42,-0.258647,0,0,0.0536689
16.44,-0.256427,0,0,0.0532082
16.46,-0.254207,0,0,0.0527475
16.48,-0.251987,0,0,0.0522868
16.5,-0.249767,0,0,0.0518261
16.52,-0.247547,0,0,0.0513655
16.54,-0.245326,0,0,0.0509048
16.56,-0.243106,0,0,0.0504441
16.58,-0.240886,0,0,0.0499834
16.6,-0.238666,0,0,0.0495228
16.62,-0.236446,0,0,0.0490621
16.64,-0.234226,0,0,0.0486014
16.66,-0.232006,0,0,0.0481407
16.68,-0.229785,0,0,0.0476801
16.7,-0.227565,0,0,0.0472194
16.72,-0.225345,0,0,0.0467587
16.74,-0.223125,0,0,0.046298
16.76,-0.220905,0,0,0.0458373
16.78,-0.218685,0,0,0.0453767
16.8,-0.216465,0,0,0.044916
16.82,-0.214244,0,0,0.0444553
16.84,-0.212024,0,0,0.0439946
16.86,-0.209804,0,0,0.043534
16.88,-0.207584,0,0,0.0430733
16.9,-0.205364,0,0,0.0426126
16.92,-0.203144,0,0,0.0421519
16.94,-0.200923,0,0,0.0416913
16.96,-0.198703,0,0,0.0412306
16.98,-0.196483,0,0,0.0407699
17,-0.194263,0,0,0.0403092
17.02,-0.192043,0,0,0.0398485
17.04,-0.189823,0,0,0.0393879
17.06,-0.187603,0,0,0.0389272
17.08,-0.185382,0,0,0.0384665
17.1,-0.183162,0,0,0.0380058
17.12,-0.180942,0,0,0.0375452
17.14,-0.178722,0,0,0.0370845
17.16,-0.176502,0,0,0.0366238
17.18,-0.174282,0,0,0.0361631
17.2,-0.172062,0,0,0.0357025
17.22,-0.169841,0,0,0.0352418
17.24,-0.167621,0,0,0.0347811
17.26,-0.165401,0,0,0.0343204
17.28,-0.163181,0,0,0.0338597
17.3,-0.160961,0,0,0.0333991
17.32,-0.158741,0,0,0.0329384
17.34,-0.15652,0,0,0.0324777
17.36,-0.1543,0,0,0.032017
17.38,-0.15208,0,0,0.0315564
17.4,-0.14986,0,0,0.0310957
17.42,-0.14764,0,0,0.030635
17.44,-0.14542,0,0,0.0301743
17.46,-0.1432,0,0,0.0297137
17.48,-0.140979,0,0,0.029253
17.5,-0.138759,0,0,0.0287923
17.52,-0.136539,0,0,0.0283316
17.54,-0.134319,0,0,0.0278709
17.56,-0.132099,0,0,0.0274103
17.58,-0.129879,0,0,0.0269496
17.6,-0.127659,0,0,0.0264889
17.62,-0.125438,0,0,0.0260282
17.64,-0.123218,0,0,0.0255676
17.66,-0.120998,0,0,0.0251069
17.68,-0.118778,0,0,0.0246462
17.7,-0.116558,0,0,0.0241855
17.72,-0.114338,0,0,0.0237249
17.74,-0.112118,0,0,0.0232642
17.76,-0.109897,0,0,0.0228035
17.78,-0.107677,0,0,0.0223428
17.8,-0.105457,0,0,0.0218822
17.82,-0.103237,0,0,0.0214215
17.84,-0.101017,0,0,0.0209608
17.86,-0.0987966,0,0,0.0205001
17.88,-0.0965765,0,0,0.0200394
17.9,-0.0943563,0,0,0.0195788
17.92,-0.0921362,0,0,0.0191181
17.94,-0.089916,0,0,0.0186574
17.96,-0.0876959,0,0,0.0181967
17.98,-0.0854757,0,0,0.0177361
18,-0.0832556,0,0,0.0172754
18.02,-0.0810354,0,0,0.0168147
18.04,-0.0788153,0,0,0.016354
18.06,-0.0765951,0,0,0.0158934
18.08,-0.074375,0,0,0.0154327
18.1,-0.0721548,0,0,0.014972
18.12,-0.0699347,0,0,0.0145113
18.14,-0.0677145,0,0,0.0140506
18.16,-0.0654944,0,0,0.01359
18.18,-0.0632742,0,0,0.0131293
18.2,-0.0610541,0,0,0.0126686
18.22,-0.0588339,0,0,0.0122079
18.24,-0.0566138,0,0,0.0117473
18.26,-0.0543936,0,0,0.0112866
18.28,-0.0521735,0,0,0.0108259
18.3,-0.0499533,0,0,0.0103652
18.32,-0.0477332,0,0,0.00990455
18.34,-0.0455131,0,0,0.00944388
18.36,-0.0432929,0,0,0.0089832
18.38,-0.0410728,0,0,0.00852252
18.4,-0.0388526,0,0,0.00806184
18.42,-0.0366325,0,0,0.00760117
18.44,-0.0344123,0,0,0.00714049
18.46,-0.0321922,0,0,0.00667981
18.48,-0.029972,0,0,0.00621914
18.5,-0.0277519,0,0,0.00575846
18.52,-0.0255317,0,0,0.00529778
18.54,-0.0233116,0,0,0.00483711
18.56,-0.0210914,0,0,0.00437643
18.58,-0.0188713,0,0,0.00391575
18.6,-0.0166511,0,0,0.00345508
18.62,-0.014431,0,0,0.0029944
18.64,-0.0122108,0,0,0.00253372
18.66,-0.00999067,0,0,0.00207305
18.68,-0.00777052,0,0,0.00161237
18.7,-0.00555037,0,0,0.00115169
18.72,-0.00333022,0,0,0.000691015
18.74,-0.00111007,0,0,0.000230338
18.76,0.00111007,0,0,-0.000230338
18.78,0.00333022,0,0,-0.000691015
18.8,0.00555037,0,0,-0.00115169
18.82,0.00777052,0,0,-0.00161237
18.84,0.00999067,0,0,-0.00207305
18.86,0.0122108,0,0,-0.00253372
18.88,0.014431,0,0,-0.0029944
18.9,0.0166511,0,0,-0.00345508
18.92,0.0188713,0,0,-0.00391575
18.94,0.0210914,0,0,-0.00437643
18.96,0.0233116,0,0,-0.00483711
18.98,0.0255317,0,0,-0.00529778
19,0.0277519,0,0,-0.00575846
19.02,0.029972,0,0,-0.00621914
19.04,0.0321922,0,0,-0.00667981
19.06,0.0344123,0,0,-0.00714049
19.08,0.0366325,0,0,-0.00760117
19.1,0.0388526,0,0,-0.00806184
19.12,0.0410728,0,0,-0.00852252
19.14,0.0432929,0,0,-0.0089832
19.16,0.0455131,0,0,-0.00944388
19.18,0.0477332,0,0,-0.00990455
19.2,0.0499533,0,0,-0.0103652
19.22,0.0521735,0,0,-0.0108259
19.24,0.0543936,0,0,-0.0112866
19.26,0.0566138,0,0,-0.0117473
19.28,0.0588339,0,0,-0.0122079
19.3,0.0610541,0,0,-0.0126686
19.32,0.0632742,0,0,-0.0131293
19.34,0.0654944,0,0,-0.01359
19.36,0.0677145,0,0,-0.0140506
19.38,0.0699347,0,0,-0.0145113
19.4,0.0721548,0,0,-0.014972
19.42,0.074375,0,0,-0.0154327
19.44,0.0765951,0,0,-0.0158934
19.46,0.0788153,0,0,-0.016354
19.48,0.0810354,0,0,-0.0168147
19.5,0.0832556,0,0,-0.0172754
19.52,0.0854757,0,0,-0.0177361
19.54,0.0876959,0,0,-0.0181967
19.56,0.089916,0,0,-0.0186574
19.58,0.0921362,0,0,-0.0191181
19.6,0.0943563,0,0,-0.0195788
19.62,0.0965765,0,0,-0.0200394
19.64,0.0987966,0,0,-0.0205001
19.66,0.101017,0,0,-0.0209608
19.68,0.103237,0,0,-0.0214215
19.7,0.105457,0,0,-0.0218822
19.72,0.107677,0,0,-0.0223428
19.74,0.109897,0,0,-0.0228035
19.76,0.112118,0,0,-0.0232642
19.78,0.114338,0,0,-0.0237249
19.8,0.116558,0,0,-0.0241855
19.82,0.118778,0,0,-0.0246462
19.84,0.120998,0,0,-0.0251069
19.86,0.123218,0,0,-0.0255676
19.88,0.125438,0,0,-0.0260282
19.9,0.127659,0,0,-0.0264889
19.92,0.129879,0,0,-0.0269496
19.94,0.132099,0,0,-0.0274103
19.96,0.134319,0,0,-0.0278709
19.98,0.136539,0,0,-0.0283316
20,0.138759,0,0,-0.0287923
20.02,0.140979,0,0,-0.029253
20.04,0.1432,0,0,-0.0297137
20.06,0.14542,0,0,-0.0301743
20.08,0.14764,0,0,-0.030635
20.1,0.14986,0,0,-0.0310957
20.12,0.15208,0,0,-0.0315564
20.14,0.1543,0,0,-0.032017
20.16,0.15652,0,0,-0.0324777
20.18,0.158741,0,0,-0.0329384
20.2,0.160961,0,0,-0.0333991
20.22,0.163181,0,0,-0.0338597
20.24,0.165401,0,0,-0.0343204
20.26,0.167621,0,0,-0.0347811
20.28,0.169841,0,0,-0.0352418
20.3,0.172062,0,0,-0.0357025
20.32,0.174282,0,0,-0.0361631
20.34,0.176502,0,0,-0.0366238
20.36,0.178722,0,0,-0.0370845
20.38,0.180942,0,0,-0.0375452
20.4,0.183162,0,0,-0.0380058
20.42,0.185382,0,0,-0.0384665
20.44,0.187603,0,0,-0.0389272
20.46,0.189823,0,0,-0.0393879
20.48,0.192043,0,0,-0.0398485
20.5,0.194263,0,0,-0.0403092
20.52,0.196483,0,0,-0.0407699
20.54,0.198703,0,0,-0.0412306
20.56,0.200923,0,0,-0.0416913
20.58,0.203144,0,0,-0.0421519
20.6,0.205364,0,0,-0.0426126
20.62,0.207584,0,0,-0.0430733
20.64,0.209804,0,0,-0.043534
20.66,0.212024,0,0,-0.0439946
20.68,0.214244,0,0,-0.0444553
20.7,0.216465,0,0,-0.044916
20.72,0.218685,0,0,-0.0453767
20.74,0.220905,0,0,-0.0458373
20.76,0.223125,0,0,-0.046298
20.78,0.225345,0,0,-0.0467587
20.8,0.227565,0,0,-0.0472194
20.82,0.229785,0,0,-0.0476801
20.84,0.232006,0,0,-0.0481407
20.86,0.234226,0,0,-0.0486014
20.88,0.236446,0,0,-0.0490621
20.9,0.238666,0,0,-0.0495228
20.92,0.240886,0,0,-0.0499834
20.94,0.243106,0,0,-0.0504441
20.96,0.245326,0,0,-0.0509048
20.98,0.247547,0,0,-0.0513655
21,0.249767,0,0,-0.0518261
21.02,0.251987,0,0,-0.0522868
21.04,0.254207,0,0,-0.0527475
21.06,0.256427,0,0,-0.0532082
21.08,0.258647,0,0,-0.0536689
21.1,0.260867,0,0,-0.0541295
21.12,0.263088,0,0,-0.0545902
21.14,0.265308,0,0,-0.0550509
21.16,0.267528,0,0,-0.0555116
21.18,0.269748,0,0,-0.0559722
21.2,0.271968,0,0,-0.0564329
21.22,0.274188,0,0,-0.0568936
21.24,0.276409,0,0,-0.0573543
21.26,0.278629,0,0,-0.0578149
21.28,0.280849,0,0,-0.0582756
21.3,0.283069,0,0,-0.0587363
21.32,0.285289,0,0,-0.059197
21.34,0.287509,0,0,-0.0596577
21.36,0.289729,0,0,-0.0601183
21.38,0.29195,0,0,-0.060579
21.4,0.29417,0,0,-0.0610397
21.42,0.29639,0,0,-0.0615004
21.44,0.29861,0,0,-0.061961
21.46,0.30083,0,0,-0.0624217
21.48,0.30305,0,0,-0.0628824
21.5,0.30527,0,0,-0.0633431
21.52,0.307491,0,0,-0.0638037
21.54,0.309711,0,0,-0.0642644
21.56,0.311931,0,0,-0.0647251
21.58,0.314151,0,0,-0.0651858
21.6,0.316371,0,0,-0.0656465
21.62,0.318591,0,0,-0.0661071
21.64,0.320812,0,0,-0.0665678
21.66,0.323032,0,0,-0.0670285
21.68,0.325252,0,0,-0.0674892
21.7,0.327472,0,0,-0.0679498
21.72,0.329692,0,0,-0.0684105
21.74,0.331912,0,0,-0.0688712
21.76,0.334132,0,0,-0.0693319
21.78,0.336353,0,0,-0.0697925
21.8,0.338573,0,0,-0.0702532
21.82,0.340793,0,0,-0.0707139
21.84,0.343013,0,0,-0.0711746
21.86,0.345233,0,0,-0.0716352
21.88,0.347453,0,0,-0.0720959
21.9,0.349673,0,0,-0.0725566
21.92,0.351894,0,0,-0.0730173
21.94,0.354114,0,0,-0.073478
21.96,0.356334,0,0,-0.0739386
21.98,0.358554,0,0,-0.0743993
22,0.360774,0,0,-0.07486
22.02,0.362994,0,0,-0.0753207
22.04,0.365214,0,0,-0.0757813
22.06,0.367435,0,0,-0.076242
22.08,0.369655,0,0,-0.0767027
22.1,0.371875,0,0,-0.0771634
22.12,0.374095,0,0,-0.077624
22.14,0.376315,0,0,-0.0780847
22.16,0.378535,0,0,-0.0785454
22.18,0.380756,0,0,-0.0790061
22.2,0.382976,0,0,-0.0794668
22.22,0.385196,0,0,-0.0799274
22.24,0.387416,0,0,-0.0803881
22.26,0.389636,0,0,-0.0808488
22.28,0.391856,0,0,-0.0813095
22.3,0.394076,0,0,-0.0817701
22.32,0.396297,0,0,-0.0822308
22.34,0.398517,0,0,-0.0826915
22.36,0.400737,0,0,-0.0831522
22.38,0.402957,0,0,-0.0836128
22.4,0.405177,0,0,-0.0840735
22.42,0.407397,0,0,-0.0845342
22.44,0.409617,0,0,-0.0849949
22.46,0.411838,0,0,-0.0854556
22.48,0.414058,0,0,-0.0859162
22.5,0.416278,0,0,-0.0863769
22.5,0.0811747,0,0,-0.0305264
22.52,0.0807418,0,0,-0.0305125
22.54,0.0803088,0,0,-0.0304986
22.56,0.0798759,0,0,-0.0304848
22.58,0.079443,0,0,-0.0304709
22.6,0.07901,0,0,-0.030457
22.62,0.0785771,0,0,-0.0304431
22.64,0.0781442,0,0,-0.0304293
22.66,0.0777112,0,0,-0.0304154
22.68,0.0772783,0,0,-0.0304015
22.7,0.0768454,0,0,-0.0303876
22.72,0.0764124,0,0,-0.0303738
22.74,0.0759795,0,0,-0.0303599
22.76,0.0755466,0,0,-0.030346
22.78,0.0751136,0,0,-0.0303322
22.8,0.0746807,0,0,-0.0303183
22.82,0.0742478,0,0,-0.0303044
22.84,0.0738149,0,0,-0.0302905
22.86,0.0733819,0,0,-0.0302767
22.88,0.072949,0,0,-0.0302628
22.9,0.0725161,0,0,-0.0302489
22.92,0.0720831,0,0,-0.0302351
22.94,0.0716502,0,0,-0.0302212
22.96,0.0712173,0,0,-0.0302073
22.98,0.0707843,0,0,-0.0301934
23,0.0703514,0,0,-0.0301796
23.02,0.0699185,0,0,-0.0301657
23.04,0.0694855,0,0,-0.0301518
23.06,0.0690526,0,0,-0.0301379
23.08,0.0686197,0,0,-0.0301241
23.1,0.0681867,0,0,-0.0301102
23.12,0.0677538,0,0,-0.0300963
23.14,0.0673209,0,0,-0.0300825
23.16,0.0668879,0,0,-0.0300686
23.18,0.066455,0,0,-0.0300547
23.2,0.0660221,0,0,-0.0300408
23.22,0.0655892,0,0,-0.030027
23.24,0.0651562,0,0,-0.0300131
23.26,0.0647233,0,0,-0.0299992
23.28,0.0642904,0,0,-0.0299853
23.3,0.0638574,0,0,-0.0299715
23.32,0.0634245,0,0,-0.0299576
23.34,0.0629916,0,0,-0.0299437
23.36,0.0625586,0,0,-0.0299299
23.38,0.0621257,0,0,-0.029916
23.4,0.0616928,0,0,-0.0299021
23.42,0.0612598,0,0,-0.0298882
23.44,0.0608269,0,0,-0.0298744
23.46,0.060394,0,0,-0.0298605
23.48,0.059961,0,0,-0.0298466
23.5,0.0595281,0,0,-0.0298327
23.52,0.0590952,0,0,-0.0298189
23.54,0.0586622,0,0,-0.029805
23.56,0.0582293,0,0,-0.0297911
23.58,0.0577964,0,0,-0.0297773
23.6,0.0573635,0,0,-0.0297634
23.62,0.0569305,0,0,-0.0297495
23.64,0.0564976,0,0,-0.0297356
23.66,0.0560647,0,0,-0.0297218
23.68,0.0556317,0,0,-0.0297079
23.7,0.0551988,0,0,-0.029694
23.72,0.0547659,0,0,-0.0296801
23.74,0.0543329,0,0,-0.0296663
23.76,0.0539,0,0,-0.0296524
23.78,0.0534671,0,0,-0.0296385
23.8,0.0530341,0,0,-0.0296247
23.82,0.0526012,0,0,-0.0296108
23.84,0.0521683,0,0,-0.0295969
23.86,0.0517353,0,0,-0.029583
23.88,0.0513024,0,0,-0.0295692
23.9,0.0508695,0,0,-0.0295553
23.92,0.0504365,0,0,-0.0295414
23.94,0.0500036,0,0,-0.0295275
23.96,0.0495707,0,0,-0.0295137
23.98,0.0491377,0,0,-0.0294998
24,0.0487048,0,0,-0.0294859
24.02,0.0482719,0,0,-0.0294721
24.04,0.047839,0,0,-0.0294582
24.06,0.047406,0,0,-0.0294443
24.08,0.0469731,0,0,-0.0294304
24.1,0.0465402,0,0,-0.0294166
24.12,0.0461072,0,0,-0.0294027
24.14,0.0456743,0,0,-0.0293888
24.16,0.0452414,0,0,-0.029375
24.18,0.0448084,0,0,-0.0293611
24.2,0.0443755,0,0,-0.0293472
24.22,0.0439426,0,0,-0.0293333
24.24,0.0435096,0,0,-0.0293195
24.26,0.0430767,0,0,-0.0293056
24.28,0.0426438,0,0,-0.0292917
24.3,0.0422108,0,0,-0.0292778
24.32,0.0417779,0,0,-0.029264
24.34,0.041345,0,0,-0.0292501
24.36,0.040912,0,0,-0.0292362
24.38,0.0404791,0,0,-0.0292224
24.4,0.0400462,0,0,-0.0292085
24.42,0.0396133,0,0,-0.0291946
24.44,0.0391803,0,0,-0.0291807
24.46,0.0387474,0,0,-0.0291669
24.48,0.0383145,0,0,-0.029153
24.5,0.0378815,0,0,-0.0291391
24.52,0.0374486,0,0,-0.0291252
24.54,0.0370157,0,0,-0.0291114
24.56,0.0365827,0,0,-0.0290975
24.58,0.0361498,0,0,-0.0290836
24.6,0.0357169,0,0,-0.0290698
24.62,0.0352839,0,0,-0.0290559
24.64,0.034851,0,0,-0.029042
24.66,0.0344181,0,0,-0.0290281
24.68,0.0339851,0,0,-0.0290143
24.7,0.0335522,0,0,-0.0290004
24.72,0.0331193,0,0,-0.0289865
24.74,0.0326863,0,0,-0.0289726
24.76,0.0322534,0,0,-0.0289588
24.78,0.0318205,0,0,-0.0289449
24.8,0.0313875,0,0,-0.028931
24.82,0.0309546,0,0,-0.0289172
24.84,0.0305217,0,0,-0.0289033
24.86,0.0300888,0,0,-0.0288894
24.88,0.0296558,0,0,-0.0288755
24.9,0.0292229,0,0,-0.0288617
24.92,0.02879,0,0,-0.0288478
24.94,0.028357,0,0,-0.0288339
24.96,0.0279241,0,0,-0.02882
24.98,0.0274912,0,0,-0.0288062
25,0.0270582,0,0,-0.0287923
25.02,0.0266253,0,0,-0.0287784
25.04,0.0261924,0,0,-0.0287646
25.06,0.0257594,0,0,-0.0287507
25.08,0.0253265,0,0,-0.0287368
25.1,0.0248936,0,0,-0.0287229
25.12,0.0244606,0,0,-0.0287091
25.14,0.0240277,0,0,-0.0286952
25.16,0.0235948,0,0,-0.0286813
25.18,0.0231618,0,0,-0.0286674
25.2,0.0227289,0,0,-0.0286536
25.22,0.022296,0,0,-0.0286397
25.24,0.0218631,0,0,-0.0286258
25.26,0.0214301,0,0,-0.028612
25.28,0.0209972,0,0,-0.0285981
25.3,0.0205643,0,0,-0.0285842
25.32,0.0201313,0,0,-0.0285703
25.34,0.0196984,0,0,-0.0285565
25.36,0.0192655,0,0,-0.0285426
25.38,0.0188325,0,0,-0.0285287
25.4,0.0183996,0,0,-0.0285149
25.42,0.0179667,0,0,-0.028501
25.44,0.0175337,0,0,-0.0284871
25.46,0.0171008,0,0,-0.0284732
25.48,0.0166679,0,0,-0.0284594
25.5,0.0162349,0,0,-0.0284455
25.52,0.015802,0,0,-0.0284316
25.54,0.0153691,0,0,-0.0284177
25.56,0.0149361,0,0,-0.0284039
25.58,0.0145032,0,0,-0.02839
25.6,0.0140703,0,0,-0.0283761
25.62,0.0136373,0,0,-0.0283623
25.64,0.0132044,0,0,-0.0283484
25.66,0.0127715,0,0,-0.0283345
25.68,0.0123386,0,0,-0.0283206
25.7,0.0119056,0,0,-0.0283068
25.72,0.0114727,0,0,-0.0282929
25.74,0.0110398,0,0,-0.028279
25.76,0.0106068,0,0,-0.0282651
25.78,0.0101739,0,0,-0.0282513
25.8,0.00974096,0,0,-0.0282374
25.82,0.00930803,0,0,-0.0282235
25.84,0.0088751,0,0,-0.0282097
25.86,0.00844217,0,0,-0.0281958
25.88,0.00800924,0,0,-0.0281819
25.9,0.0075763,0,0,-0.028168
25.92,0.00714337,0,0,-0.0281542
25.94,0.00671044,0,0,-0.0281403
25.96,0.00627751,0,0,-0.0281264
25.98,0.00584458,0,0,-0.0281125
26,0.00541165,0,0,-0.0280987
26.02,0.00497871,0,0,-0.0280848
26.04,0.00454578,0,0,-0.0280709
26.06,0.00411285,0,0,-0.0280571
26.08,0.00367992,0,0,-0.0280432
26.1,0.00324699,0,0,-0.0280293
26.12,0.00281406,0,0,-0.0280154
26.14,0.00238112,0,0,-0.0280016
26.16,0.00194819,0,0,-0.0279877
26.18,0.00151526,0,0,-0.0279738
26.2,0.00108233,0,0,-0.0279599
26.22,0.000649398,0,0,-0.0279461
26.24,0.000216466,0,0,-0.0279322
26.26,-0.000216466,0,0,-0.0279183
26.28,-0.000649398,0,0,-0.0279045
26.3,-0.00108233,0,0,-0.0278906
26.32,-0.00151526,0,0,-0.0278767
26.34,-0.00194819,0,0,-0.0278628
26.36,-0.00238112,0,0,-0.027849
26.38,-0.00281406,0,0,-0.0278351
26.4,-0.00324699,0,0,-0.0278212
26.42,-0.00367992,0,0,-0.0278074
26.44,-0.00411285,0,0,-0.0277935
26.46,-0.00454578,0,0,-0.0277796
26.48,-0.00497871,0,0,-0.0277657
26.5,-0.00541165,0,0,-0.0277519
26.52,-0.00584458,0,0,-0.027738
26.54,-0.00627751,0,0,-0.0277241
26.56,-0.00671044,0,0,-0.0277102
26.58,-0.00714337,0,0,-0.0276964
26.6,-0.0075763,0,0,-0.0276825
26.62,-0.00800924,0,0,-0.0276686
26.64,-0.00844217,0,0,-0.0276548
26.66,-0.0088751,0,0,-0.0276409
26.68,-0.00930803,0,0,-0.027627
26.7,-0.00974096,0,0,-0.0276131
26.72,-0.0101739,0,0,-0.0275993
26.74,-0.0106068,0,0,-0.0275854
26.76,-0.0110398,0,0,-0.0275715
26.78,-0.0114727,0,0,-0.0275576
26.8,-0.0119056,0,0,-0.0275438
26.82,-0.0123386,0,0,-0.0275299
26.84,-0.0127715,0,0,-0.027516
26.86,-0.0132044,0,0,-0.0275022
26.88,-0.0136373,0,0,-0.0274883
26.9,-0.0140703,0,0,-0.0274744
26.92,-0.0145032,0,0,-0.0274605
26.94,-0.0149361,0,0,-0.0274467
26.96,-0.0153691,0,0,-0.0274328
26.98,-0.015802,0,0,-0.0274189
27,-0.0162349,0,0,-0.027405
27.02,-0.0166679,0,0,-0.0273912
27.04,-0.0171008,0,0,-0.0273773
27.06,-0.0175337,0,0,-0.0273634
27.08,-0.0179667,0,0,-0.0273496
27.1,-0.0183996,0,0,-0.0273357
27.12,-0.0188325,0,0,-0.0273218
27.14,-0.0192655,0,0,-0.0273079
27.16,-0.0196984,0,0,-0.0272941
27.18,-0.0201313,0,0,-0.0272802
27.2,-0.0205643,0,0,-0.0272663
27.22,-0.0209972,0,0,-0.0272524
27.24,-0.0214301,0,0,-0.0272386
27.26,-0.0218631,0,0,-0.0272247
27.28,-0.022296,0,0,-0.0272108
27.3,-0.0227289,0,0,-0.027197
27.32,-0.0231618,0,0,-0.0271831
27.34,-0.0235948,0,0,-0.0271692
27.36,-0.0240277,0,0,-0.0271553
27.38,-0.0244606,0,0,-0.0271415
27.4,-0.0248936,0,0,-0.0271276
27.42,-0.0253265,0,0,-0.0271137
27.44,-0.0257594,0,0,-0.0270998
27.46,-0.0261924,0,0,-0.027086
27.48,-0.0266253,0,0,-0.0270721
27.5,-0.0270582,0,0,-0.0270582
27.52,-0.0274912,0,0,-0.0270444
27.54,-0.0279241,0,0,-0.0270305
27.56,-0.028357,0,0,-0.0270166
27.58,-0.02879,0,0,-0.0270027
27.6,-0.0292229,0,0,-0.0269889
27.62,-0.0296558,0,0,-0.026975
27.64,-0.0300888,0,0,-0.0269611
27.66,-0.0305217,0,0,-0.0269473
27.68,-0.0309546,0,0,-0.0269334
27.7,-0.0313875,0,0,-0.0269195
27.72,-0.0318205,0,0,-0.0269056
27.74,-0.0322534,0,0,-0.0268918
27.76,-0.0326863,0,0,-0.0268779
27.78,-0.0331193,0,0,-0.026864
27.8,-0.0335522,0,0,-0.0268501
27.82,-0.0339851,0,0,-0.0268363
27.84,-0.0344181,0,0,-0.0268224
27.86,-0.034851,0,0,-0.0268085
27.88,-0.0352839,0,0,-0.0267947
27.9,-0.0357169,0,0,-0.0267808
27.92,-0.0361498,0,0,-0.0267669
27.94,-0.0365827,0,0,-0.026753
27.96,-0.0370157,0,0,-0.0267392
27.98,-0.0374486,0,0,-0.0267253
28,-0.0378815,0,0,-0.0267114
28.02,-0.0383145,0,0,-0.0266975
28.04,-0.0387474,0,0,-0.0266837
28.06,-0.0391803,0,0,-0.0266698
28.08,-0.0396133,0,0,-0.0266559
28.1,-0.0400462,0,0,-0.0266421
28.12,-0.0404791,0,0,-0.0266282
28.14,-0.040912,0,0,-0.0266143
28.16,-0.041345,0,0,-0.0266004
28.18,-0.0417779,0,0,-0.0265866
28.2,-0.0422108,0,0,-0.0265727
28.22,-0.0426438,0,0,-0.0265588
28.24,-0.0430767,0,0,-0.0265449
28.26,-0.0435096,0,0,-0.0265311
28.28,-0.0439426,0,0,-0.0265172
28.3,-0.0443755,0,0,-0.0265033
28.32,-0.0448084,0,0,-0.0264895
28.34,-0.0452414,0,0,-0.0264756
28.36,-0.0456743,0,0,-0.0264617
28.38,-0.0461072,0,0,-0.0264478
28.4,-0.0465402,0,0,-0.026434
28.42,-0.0469731,0,0,-0.0264201
28.44,-0.047406,0,0,-0.0264062
28.46,-0.047839,0,0,-0.0263923
28.48,-0.0482719,0,0,-0.0263785
28.5,-0.0487048,0,0,-0.0263646
28.52,-0.0491377,0,0,-0.0263507
28.54,-0.0495707,0,0,-0.0263369
28.56,-0.0500036,0,0,-0.026323
28.58,-0.0504365,0,0,-0.0263091
28.6,-0.0508695,0,0,-0.0262952
28.62,-0.0513024,0,0,-0.0262814
28.64,-0.0517353,0,0,-0.0262675
28.66,-0.0521683,0,0,-0.0262536
28.68,-0.0526012,0,0,-0.0262397
28.7,-0.0530341,0,0,-0.0262259
28.72,-0.0534671,0,0,-0.026212
28.74,-0.0539,0,0,-0.0261981
28.76,-0.0543329,0,0,-0.0261843
28.78,-0.0547659,0,0,-0.0261704
28.8,-0.0551988,0,0,-0.0261565
28.82,-0.0556317,0,0,-0.0261426
28.84,-0.0560647,0,0,-0.0261288
28.86,-0.0564976,0,0,-0.0261149
28.88,-0.0569305,0,0,-0.026101
28.9,-0.0573635,0,0,-0.0260872
28.92,-0.0577964,0,0,-0.0260733
28.94,-0.0582293,0,0,-0.0260594
28.96,-0.0586622,0,0,-0.0260455
28.98,-0.0590952,0,0,-0.0260317
29,-0.0595281,0,0,-0.0260178
29.02,-0.059961,0,0,-0.0260039
29.04,-0.060394,0,0,-0.02599
29.06,-0.0608269,0,0,-0.0259762
29.08,-0.0612598,0,0,-0.0259623
29.1,-0.0616928,0,0,-0.0259484
29.12,-0.0621257,0,0,-0.0259346
29.14,-0.0625586,0,0,-0.0259207
29.16,-0.0629916,0,0,-0.0259068
29.18,-0.0634245,0,0,-0.0258929
29.2,-0.0638574,0,0,-0.0258791
29.22,-0.0642904,0,0,-0.0258652
29.24,-0.0647233,0,0,-0.0258513
29.26,-0.0651562,0,0,-0.0258374
29.28,-0.0655892,0,0,-0.0258236
29.3,-0.0660221,0,0,-0.0258097
29.32,-0.066455,0,0,-0.0257958
29.34,-0.0668879,0,0,-0.025782
29.36,-0.0673209,0,0,-0.0257681
29.38,-0.0677538,0,0,-0.0257542
29.4,-0.0681867,0,0,-0.0257403
29.42,-0.0686197,0,0,-0.0257265
29.44,-0.0690526,0,0,-0.0257126
29.46,-0.0694855,0,0,-0.0256987
29.48,-0.0699185,0,0,-0.0256848
29.5,-0.0703514,0,0,-0.025671
29.52,-0.0707843,0,0,-0.0256571
29.54,-0.0712173,0,0,-0.0256432
29.56,-0.0716502,0,0,-0.0256294
29.58,-0.0720831,0,0,-0.0256155
29.6,-0.0725161,0,0,-0.0256016
29.62,-0.072949,0,0,-0.0255877
29.64,-0.0733819,0,0,-0.0255739
29.66,-0.0738149,0,0,-0.02556
29.68,-0.0742478,0,0,-0.0255461
29.7,-0.0746807,0,0,-0.0255322
29.72,-0.0751136,0,0,-0.0255184
29.74,-0.0755466,0,0,-0.0255045
29.76,-0.0759795,0,0,-0.0254906
29.78,-0.0764124,0,0,-0.0254768
29.8,-0.0768454,0,0,-0.0254629
29.82,-0.0772783,0,0,-0.025449
29.84,-0.0777112,0,0,-0.0254351
29.86,-0.0781442,0,0,-0.0254213
29.88,-0.0785771,0,0,-0.0254074
29.9,-0.07901,0,0,-0.0253935
29.92,-0.079443,0,0,-0.0253796
29.94,-0.0798759,0,0,-0.0253658
29.96,-0.0803088,0,0,-0.0253519
29.98,-0.0807418,0,0,-0.025338
30,-0.0811747,0,0,-0.0253242
