Time,theta1_pos,theta2_pos,d3_pos,theta4_pos
0,1.5708,0,-175,0
0.02,1.57078,2.32413e-05,-175,-6.18017e-05
0.04,1.57072,9.2816e-05,-175,-0.000246766
0.06,1.57062,0.000208501,-175,-0.000554234
0.08,1.57049,0.000370072,-175,-0.000983544
0.1,1.57031,0.000577307,-175,-0.00153404
0.12,1.5701,0.000829981,-175,-0.00220505
0.14,1.56985,0.00112787,-175,-0.00299592
0.16,1.56956,0.00147075,-175,-0.003906
0.18,1.56924,0.00185841,-175,-0.00493461
0.2,1.56888,0.0022906,-175,-0.00608111
0.22,1.56848,0.00276712,-175,-0.00734482
0.24,1.56805,0.00328774,-175,-0.0087251
0.26,1.56757,0.00385224,-175,-0.0102213
0.28,1.56707,0.00446038,-175,-0.0118327
0.3,1.56652,0.00511196,-175,-0.0135587
0.32,1.56594,0.00580674,-175,-0.0153986
0.34,1.56533,0.0065445,-175,-0.0173517
0.36,1.56467,0.00732502,-175,-0.0194175
0.38,1.56399,0.00814807,-175,-0.0215952
0.4,1.56327,0.00901344,-175,-0.0238842
0.42,1.56251,0.00992089,-175,-0.0262838
0.44,1.56172,0.0108702,-175,-0.0287933
0.46,1.56089,0.0118612,-175,-0.0314121
0.48,1.56003,0.0128935,-175,-0.0341396
0.5,1.55914,0.0139671,-175,-0.0369751
0.52,1.55821,0.0150816,-175,-0.0399178
0.54,1.55725,0.0162369,-175,-0.0429672
0.56,1.55625,0.0174327,-175,-0.0461226
0.58,1.55523,0.0186688,-175,-0.0493834
0.6,1.55416,0.019945,-175,-0.0527488
0.62,1.55307,0.0212611,-175,-0.0562182
0.64,1.55194,0.0226167,-175,-0.059791
0.66,1.55078,0.0240118,-175,-0.0634665
0.68,1.54959,0.025446,-175,-0.067244
0.7,1.54837,0.0269193,-175,-0.0711228
0.72,1.54712,0.0284312,-175,-0.0751024
0.74,1.54583,0.0299817,-175,-0.079182
0.76,1.54451,0.0315704,-175,-0.083361
0.78,1.54316,0.0331972,-175,-0.0876388
0.8,1.54178,0.0348619,-175,-0.0920146
0.82,1.54037,0.0365642,-175,-0.0964878
0.84,1.53893,0.0383038,-175,-0.101058
0.86,1.53746,0.0400807,-175,-0.105724
0.88,1.53596,0.0418944,-175,-0.110485
0.9,1.53443,0.043745,-175,-0.115342
0.92,1.53287,0.045632,-175,-0.120292
0.94,1.53128,0.0475553,-175,-0.125336
0.96,1.52966,0.0495146,-175,-0.130472
0.98,1.52801,0.0515098,-175,-0.135701
1,1.52633,0.0535406,-175,-0.141021
1.02,1.52462,0.0556067,-175,-0.146432
1.04,1.52289,0.057708,-175,-0.151933
1.06,1.52113,0.0598443,-175,-0.157524
1.08,1.51934,0.0620153,-175,-0.163203
1.1,1.51752,0.0642207,-175,-0.168971
1.12,1.51567,0.0664605,-175,-0.174826
1.14,1.5138,0.0687342,-175,-0.180768
1.16,1.5119,0.0710418,-175,-0.186796
1.18,1.50997,0.073383,-175,-0.19291
1.2,1.50802,0.0757576,-175,-0.199108
1.22,1.50603,0.0781653,-175,-0.205391
1.24,1.50403,0.0806059,-175,-0.211757
1.26,1.50199,0.0830792,-175,-0.218206
1.28,1.49993,0.085585,-175,-0.224738
1.3,1.49785,0.0881231,-175,-0.23135
1.32,1.49574,0.0906932,-175,-0.238044
1.34,1.4936,0.0932951,-175,-0.244818
1.36,1.49144,0.0959286,-175,-0.251672
1.38,1.48926,0.0985934,-175,-0.258604
1.4,1.48705,0.101289,-175,-0.265615
1.42,1.48481,0.104016,-175,-0.272703
1.44,1.48255,0.106774,-175,-0.279869
1.46,1.48027,0.109562,-175,-0.28711
1.48,1.47796,0.11238,-175,-0.294428
1.5,1.47563,0.115229,-175,-0.30182
1.52,1.47328,0.118107,-175,-0.309286
1.54,1.4709,0.121014,-175,-0.316826
1.56,1.4685,0.123951,-175,-0.324439
1.58,1.46607,0.126918,-175,-0.332125
1.6,1.46363,0.129913,-175,-0.339882
1.62,1.46116,0.132936,-175,-0.34771
1.64,1.45867,0.135989,-175,-0.355608
1.66,1.45616,0.139069,-175,-0.363576
1.68,1.45362,0.142177,-175,-0.371613
1.7,1.45107,0.145314,-175,-0.379718
1.72,1.44849,0.148478,-175,-0.387891
1.74,1.44589,0.151669,-175,-0.396132
1.76,1.44327,0.154887,-175,-0.404438
1.78,1.44063,0.158132,-175,-0.41281
1.8,1.43797,0.161404,-175,-0.421247
1.82,1.43529,0.164702,-175,-0.429749
1.84,1.43259,0.168027,-175,-0.438314
1.86,1.42987,0.171377,-175,-0.446943
1.88,1.42713,0.174753,-175,-0.455634
1.9,1.42437,0.178155,-175,-0.464386
1.92,1.42159,0.181582,-175,-0.4732
1.94,1.41879,0.185034,-175,-0.482074
1.96,1.41598,0.188511,-175,-0.491008
1.98,1.41314,0.192013,-175,-0.500001
2,1.41029,0.195539,-175,-0.509052
2.02,1.40741,0.19909,-175,-0.518161
2.04,1.40452,0.202664,-175,-0.527327
2.06,1.40162,0.206262,-175,-0.53655
2.08,1.39869,0.209884,-175,-0.545829
2.1,1.39575,0.213529,-175,-0.555163
2.12,1.39279,0.217197,-175,-0.564551
2.14,1.38981,0.220888,-175,-0.573993
2.16,1.38682,0.224602,-175,-0.583488
2.18,1.38381,0.228338,-175,-0.593036
2.2,1.38078,0.232096,-175,-0.602635
2.22,1.37774,0.235876,-175,-0.612286
2.24,1.37468,0.239678,-175,-0.621987
2.26,1.3716,0.243502,-175,-0.631738
2.28,1.36851,0.247346,-175,-0.641538
2.3,1.36541,0.251212,-175,-0.651387
2.32,1.36229,0.255099,-175,-0.661284
2.34,1.35915,0.259006,-175,-0.671228
2.36,1.356,0.262934,-175,-0.681218
2.38,1.35284,0.266882,-175,-0.691255
2.4,1.34966,0.27085,-175,-0.701336
2.42,1.34646,0.274838,-175,-0.711462
2.44,1.34326,0.278845,-175,-0.721632
2.46,1.34004,0.282871,-175,-0.731846
2.48,1.3368,0.286917,-175,-0.742102
2.5,1.33356,0.290981,-175,-0.7524
2.52,1.3303,0.295064,-175,-0.762739
2.54,1.32702,0.299166,-175,-0.773118
2.56,1.32374,0.303285,-175,-0.783538
2.58,1.32044,0.307423,-175,-0.793997
2.6,1.31713,0.311578,-175,-0.804495
2.62,1.31381,0.315751,-175,-0.81503
2.64,1.31048,0.319941,-175,-0.825603
2.66,1.30713,0.324148,-175,-0.836213
2.68,1.30377,0.328372,-175,-0.846859
2.7,1.30041,0.332613,-175,-0.857539
2.72,1.29703,0.336869,-175,-0.868255
2.74,1.29364,0.341143,-175,-0.879005
2.76,1.29024,0.345432,-175,-0.889788
2.78,1.28683,0.349736,-175,-0.900603
2.8,1.28341,0.354057,-175,-0.911451
2.82,1.27998,0.358392,-175,-0.92233
2.84,1.27654,0.362743,-175,-0.93324
2.86,1.27309,0.367108,-175,-0.944179
2.88,1.26963,0.371488,-175,-0.955148
2.9,1.26616,0.375883,-175,-0.966146
2.92,1.26268,0.380291,-175,-0.977172
2.94,1.2592,0.384714,-175,-0.988226
2.96,1.2557,0.38915,-175,-0.999306
2.98,1.2522,0.393599,-175,-1.01041
3,1.24869,0.398062,-175,-1.02154
3.02,1.24518,0.402538,-175,-1.0327
3.04,1.24165,0.407027,-175,-1.04388
3.06,1.23812,0.411528,-175,-1.05508
3.08,1.23458,0.416042,-175,-1.06631
3.1,1.23103,0.420568,-175,-1.07756
3.12,1.22748,0.425106,-175,-1.08883
3.14,1.22392,0.429655,-175,-1.10012
3.16,1.22035,0.434216,-175,-1.11143
3.18,1.21678,0.438788,-175,-1.12276
3.2,1.2132,0.443372,-175,-1.13411
3.22,1.20961,0.447966,-175,-1.14548
3.24,1.20602,0.45257,-175,-1.15687
3.26,1.20243,0.457185,-175,-1.16827
3.28,1.19883,0.46181,-175,-1.17969
3.3,1.19522,0.466445,-175,-1.19112
3.32,1.19161,0.47109,-175,-1.20257
3.34,1.188,0.475744,-175,-1.21403
3.36,1.18438,0.480407,-175,-1.22551
3.38,1.18076,0.48508,-175,-1.237
3.4,1.17713,0.489761,-175,-1.2485
3.42,1.1735,0.494451,-175,-1.26001
3.44,1.16987,0.499149,-175,-1.27154
3.46,1.16623,0.503855,-175,-1.28307
3.48,1.16259,0.508569,-175,-1.29461
3.5,1.15895,0.513291,-175,-1.30617
3.52,1.1553,0.51802,-175,-1.31773
3.54,1.15166,0.522757,-175,-1.32929
3.56,1.14801,0.5275,-175,-1.34087
3.58,1.14435,0.53225,-175,-1.35245
3.6,1.1407,0.537007,-175,-1.36404
3.62,1.13705,0.54177,-175,-1.37563
3.64,1.13339,0.546539,-175,-1.38723
3.66,1.12973,0.551315,-175,-1.39883
3.68,1.12607,0.556095,-175,-1.41043
3.7,1.12241,0.560881,-175,-1.42204
3.72,1.11875,0.565673,-175,-1.43364
3.74,1.11509,0.570469,-175,-1.44525
3.76,1.11143,0.575271,-175,-1.45686
3.78,1.10777,0.580076,-175,-1.46847
3.8,1.10411,0.584886,-175,-1.48008
3.82,1.10045,0.5897,-175,-1.49168
3.84,1.0968,0.594518,-175,-1.50328
3.86,1.09314,0.59934,-175,-1.51488
3.88,1.08948,0.604165,-175,-1.52648
3.9,1.08583,0.608994,-175,-1.53807
3.92,1.08217,0.613825,-175,-1.54966
3.94,1.07852,0.618659,-175,-1.56124
3.96,1.07487,0.623495,-175,-1.57282
3.98,1.07122,0.628334,-175,-1.58439
4,1.06758,0.633175,-175,-1.59595
4.02,1.06394,0.638018,-175,-1.6075
4.04,1.0603,0.642862,-175,-1.61904
4.06,1.05666,0.647708,-175,-1.63058
4.08,1.05302,0.652555,-175,-1.6421
4.1,1.04939,0.657403,-175,-1.65361
4.12,1.04577,0.662252,-175,-1.66512
4.14,1.04215,0.667102,-175,-1.6766
4.16,1.03853,0.671951,-175,-1.68808
4.18,1.03491,0.676801,-175,-1.69954
4.2,1.0313,0.68165,-175,-1.71099
4.22,1.0277,0.6865,-175,-1.72243
4.24,1.0241,0.691348,-175,-1.73384
4.26,1.0205,0.696196,-175,-1.74525
4.28,1.01691,0.701043,-175,-1.75663
4.3,1.01333,0.705888,-175,-1.768
4.32,1.00975,0.710732,-175,-1.77935
4.34,1.00618,0.715574,-175,-1.79068
4.36,1.00261,0.720414,-175,-1.80199
4.38,0.99905,0.725253,-175,-1.81328
4.4,0.995496,0.730088,-175,-1.82455
4.42,0.991949,0.734921,-175,-1.8358
4.44,0.988409,0.739752,-175,-1.84703
4.46,0.984877,0.744579,-175,-1.85823
4.48,0.981351,0.749403,-175,-1.86941
4.5,0.977834,0.754223,-175,-1.88057
4.52,0.974324,0.75904,-175,-1.8917
4.54,0.970822,0.763853,-175,-1.90281
4.56,0.967328,0.768662,-175,-1.91389
4.58,0.963843,0.773466,-175,-1.92494
4.6,0.960366,0.778265,-175,-1.93597
4.62,0.956899,0.78306,-175,-1.94696
4.64,0.95344,0.78785,-175,-1.95793
4.66,0.94999,0.792634,-175,-1.96887
4.68,0.946551,0.797413,-175,-1.97978
4.7,0.94312,0.802186,-175,-1.99066
4.72,0.9397,0.806954,-175,-2.00151
4.74,0.93629,0.811715,-175,-2.01233
4.76,0.93289,0.816469,-175,-2.02311
4.78,0.9295,0.821217,-175,-2.03386
4.8,0.926121,0.825958,-175,-2.04457
4.82,0.922754,0.830692,-175,-2.05525
4.84,0.919397,0.835419,-175,-2.0659
4.86,0.916052,0.840139,-175,-2.07651
4.88,0.912718,0.84485,-175,-2.08708
4.9,0.909396,0.849554,-175,-2.09762
4.92,0.906086,0.854249,-175,-2.10812
4.94,0.902788,0.858936,-175,-2.11857
4.96,0.899503,0.863614,-175,-2.12899
4.98,0.89623,0.868283,-175,-2.13937
5,0.89297,0.872944,-175,-2.14971
5.02,0.889723,0.877595,-175,-2.16001
5.04,0.886489,0.882236,-175,-2.17027
5.06,0.883269,0.886868,-175,-2.18048
5.08,0.880062,0.89149,-175,-2.19065
5.1,0.876869,0.896101,-175,-2.20078
5.12,0.87369,0.900702,-175,-2.21086
5.14,0.870526,0.905293,-175,-2.22089
5.16,0.867375,0.909872,-175,-2.23088
5.18,0.86424,0.914441,-175,-2.24083
5.2,0.86112,0.918998,-175,-2.25073
5.22,0.858014,0.923544,-175,-2.26057
5.24,0.854924,0.928077,-175,-2.27037
5.26,0.851849,0.932599,-175,-2.28013
5.28,0.84879,0.937109,-175,-2.28983
5.3,0.845748,0.941606,-175,-2.29948
5.32,0.842721,0.946091,-175,-2.30908
5.34,0.83971,0.950562,-175,-2.31862
5.36,0.836716,0.955021,-175,-2.32812
5.38,0.833739,0.959466,-175,-2.33756
5.4,0.830779,0.963898,-175,-2.34695
5.42,0.827836,0.968315,-175,-2.35628
5.44,0.82491,0.972719,-175,-2.36556
5.46,0.822002,0.977109,-175,-2.37479
5.48,0.819112,0.981484,-175,-2.38395
5.5,0.81624,0.985844,-175,-2.39306
5.52,0.813386,0.99019,-175,-2.40211
5.54,0.81055,0.994521,-175,-2.4111
5.56,0.807733,0.998836,-175,-2.42004
5.58,0.804935,1.00314,-175,-2.42891
5.6,0.802156,1.00742,-175,-2.43773
5.62,0.799396,1.01169,-175,-2.44648
5.64,0.796656,1.01594,-175,-2.45517
5.66,0.793936,1.02017,-175,-2.4638
5.68,0.791235,1.02439,-175,-2.47236
5.7,0.788554,1.02859,-175,-2.48087
5.72,0.785894,1.03278,-175,-2.4893
5.74,0.783254,1.03694,-175,-2.49767
5.76,0.780635,1.04109,-175,-2.50598
5.78,0.778037,1.04523,-175,-2.51422
5.8,0.77546,1.04934,-175,-2.52239
5.82,0.772904,1.05343,-175,-2.5305
5.84,0.77037,1.05751,-175,-2.53854
5.86,0.767857,1.06157,-175,-2.5465
5.88,0.765367,1.06561,-175,-2.5544
5.9,0.762899,1.06963,-175,-2.56223
5.92,0.760453,1.07363,-175,-2.56999
5.94,0.75803,1.07761,-175,-2.57767
5.96,0.755629,1.08157,-175,-2.58529
5.98,0.753252,1.08551,-175,-2.59283
6,0.750897,1.08943,-175,-2.60029
6.02,0.748567,1.09333,-175,-2.60768
6.04,0.746259,1.09721,-175,-2.615
6.06,0.743976,1.10107,-175,-2.62224
6.08,0.741717,1.10491,-175,-2.62941
6.1,0.739482,1.10873,-175,-2.6365
6.12,0.737271,1.11252,-175,-2.64351
6.14,0.735085,1.11629,-175,-2.65044
6.16,0.732924,1.12005,-175,-2.65729
6.18,0.730788,1.12377,-175,-2.66407
6.2,0.728678,1.12748,-175,-2.67076
6.22,0.726593,1.13116,-175,-2.67738
6.24,0.724533,1.13482,-175,-2.68391
6.26,0.7225,1.13846,-175,-2.69036
6.28,0.720492,1.14208,-175,-2.69672
6.3,0.718511,1.14567,-175,-2.703
6.32,0.716557,1.14923,-175,-2.7092
6.34,0.714629,1.15277,-175,-2.71532
6.36,0.712728,1.15629,-175,-2.72134
6.38,0.710855,1.15979,-175,-2.72729
6.4,0.709009,1.16325,-175,-2.73314
6.42,0.70719,1.1667,-175,-2.73891
6.44,0.705399,1.17012,-175,-2.74459
6.46,0.703637,1.17351,-175,-2.75018
6.48,0.701902,1.17688,-175,-2.75568
6.5,0.700196,1.18022,-175,-2.76109
6.52,0.698518,1.18354,-175,-2.76641
6.54,0.69687,1.18683,-175,-2.77164
6.56,0.69525,1.19009,-175,-2.77678
6.58,0.69366,1.19332,-175,-2.78182
6.6,0.692099,1.19653,-175,-2.78677
6.62,0.690568,1.19972,-175,-2.79163
6.64,0.689066,1.20287,-175,-2.79639
6.66,0.687595,1.206,-175,-2.80105
6.68,0.686154,1.2091,-175,-2.80562
6.7,0.684744,1.21217,-175,-2.8101
6.72,0.683364,1.21521,-175,-2.81447
6.74,0.682015,1.21822,-175,-2.81875
6.76,0.680697,1.22121,-175,-2.82293
6.78,0.679411,1.22417,-175,-2.82701
6.8,0.678156,1.22709,-175,-2.83099
6.82,0.676933,1.22999,-175,-2.83487
6.84,0.675742,1.23286,-175,-2.83865
6.86,0.674583,1.2357,-175,-2.84232
6.88,0.673457,1.23851,-175,-2.84589
6.9,0.672363,1.24128,-175,-2.84936
6.92,0.671302,1.24403,-175,-2.85273
6.94,0.670273,1.24675,-175,-2.85599
6.96,0.669279,1.24943,-175,-2.85915
6.98,0.668317,1.25209,-175,-2.86219
7,0.667389,1.25471,-175,-2.86514
7.02,0.666495,1.2573,-175,-2.86797
7.04,0.665635,1.25986,-175,-2.8707
7.06,0.664809,1.26239,-175,-2.87332
7.08,0.664018,1.26488,-175,-2.87583
7.1,0.663261,1.26735,-175,-2.87823
7.12,0.66254,1.26978,-175,-2.88052
7.14,0.661853,1.27217,-175,-2.8827
7.16,0.661202,1.27454,-175,-2.88476
7.18,0.660586,1.27687,-175,-2.88671
7.2,0.660006,1.27916,-175,-2.88855
7.22,0.659461,1.28143,-175,-2.89028
7.24,0.658953,1.28365,-175,-2.89189
7.26,0.658482,1.28585,-175,-2.89339
7.28,0.658046,1.28801,-175,-2.89477
7.3,0.657648,1.29013,-175,-2.89603
7.32,0.657286,1.29222,-175,-2.89718
7.34,0.656962,1.29428,-175,-2.89821
7.36,0.656675,1.29629,-175,-2.89912
7.38,0.656426,1.29828,-175,-2.89991
7.4,0.656214,1.30023,-175,-2.90058
7.42,0.656041,1.30214,-175,-2.90113
7.44,0.655905,1.30401,-175,-2.90156
7.46,0.655808,1.30585,-175,-2.90187
7.48,0.65575,1.30765,-175,-2.90205
7.5,0.655731,1.30942,-175,-2.90211
7.5,0.655731,1.30942,-175,-2.90211
7.52,0.655747,1.31115,-175,-2.90211
7.54,0.655795,1.31287,-175,-2.90209
7.56,0.655876,1.31457,-175,-2.90207
7.58,0.655988,1.31625,-175,-2.90203
7.6,0.656133,1.31791,-175,-2.90199
7.62,0.656309,1.31956,-175,-2.90193
7.64,0.656516,1.32118,-175,-2.90186
7.66,0.656755,1.32279,-175,-2.90179
7.68,0.657024,1.32438,-175,-2.9017
7.7,0.657325,1.32596,-175,-2.90161
7.72,0.657657,1.32751,-175,-2.9015
7.74,0.658018,1.32905,-175,-2.90138
7.76,0.658411,1.33057,-175,-2.90125
7.78,0.658833,1.33207,-175,-2.90112
7.8,0.659286,1.33355,-175,-2.90097
7.82,0.659768,1.33502,-175,-2.90081
7.84,0.660281,1.33647,-175,-2.90064
7.86,0.660822,1.3379,-175,-2.90047
7.88,0.661393,1.33931,-175,-2.90028
7.9,0.661994,1.34071,-175,-2.90008
7.92,0.662623,1.34209,-175,-2.89987
7.94,0.663281,1.34345,-175,-2.89965
7.96,0.663968,1.3448,-175,-2.89942
7.98,0.664683,1.34613,-175,-2.89918
8,0.665426,1.34744,-175,-2.89893
8.02,0.666198,1.34873,-175,-2.89867
8.04,0.666998,1.35001,-175,-2.8984
8.06,0.667825,1.35127,-175,-2.89812
8.08,0.66868,1.35252,-175,-2.89783
8.1,0.669563,1.35375,-175,-2.89753
8.12,0.670472,1.35496,-175,-2.89722
8.14,0.671409,1.35616,-175,-2.8969
8.16,0.672373,1.35734,-175,-2.89656
8.18,0.673364,1.3585,-175,-2.89622
8.2,0.674381,1.35965,-175,-2.89587
8.22,0.675424,1.36078,-175,-2.89551
8.24,0.676494,1.3619,-175,-2.89513
8.26,0.67759,1.36299,-175,-2.89475
8.28,0.678712,1.36408,-175,-2.89435
8.3,0.679859,1.36515,-175,-2.89395
8.32,0.681032,1.3662,-175,-2.89353
8.34,0.682231,1.36724,-175,-2.89311
8.36,0.683454,1.36826,-175,-2.89267
8.38,0.684703,1.36927,-175,-2.89223
8.4,0.685976,1.37026,-175,-2.89177
8.42,0.687274,1.37123,-175,-2.89131
8.44,0.688597,1.37219,-175,-2.89083
8.46,0.689944,1.37314,-175,-2.89034
8.48,0.691315,1.37407,-175,-2.88984
8.5,0.69271,1.37498,-175,-2.88933
8.52,0.694129,1.37588,-175,-2.88882
8.54,0.695572,1.37677,-175,-2.88829
8.56,0.697038,1.37764,-175,-2.88775
8.58,0.698527,1.3785,-175,-2.8872
8.6,0.700039,1.37934,-175,-2.88664
8.62,0.701575,1.38017,-175,-2.88607
8.64,0.703133,1.38098,-175,-2.88549
8.66,0.704713,1.38178,-175,-2.88489
8.68,0.706317,1.38256,-175,-2.88429
8.7,0.707942,1.38333,-175,-2.88368
8.72,0.70959,1.38409,-175,-2.88306
8.74,0.711259,1.38483,-175,-2.88242
8.76,0.71295,1.38555,-175,-2.88178
8.78,0.714663,1.38627,-175,-2.88112
8.8,0.716397,1.38697,-175,-2.88046
8.82,0.718152,1.38765,-175,-2.87978
8.84,0.719928,1.38833,-175,-2.8791
8.86,0.721726,1.38898,-175,-2.8784
8.88,0.723544,1.38963,-175,-2.8777
8.9,0.725382,1.39026,-175,-2.87698
8.92,0.727241,1.39088,-175,-2.87625
8.94,0.72912,1.39148,-175,-2.87551
8.96,0.731019,1.39207,-175,-2.87476
8.98,0.732937,1.39265,-175,-2.874
9,0.734876,1.39322,-175,-2.87323
9.02,0.736834,1.39377,-175,-2.87245
9.04,0.738811,1.39431,-175,-2.87166
9.06,0.740807,1.39484,-175,-2.87086
9.08,0.742823,1.39535,-175,-2.87005
9.1,0.744857,1.39585,-175,-2.86922
9.12,0.746909,1.39634,-175,-2.86839
9.14,0.748981,1.39681,-175,-2.86755
9.16,0.75107,1.39728,-175,-2.86669
9.18,0.753178,1.39773,-175,-2.86583
9.2,0.755303,1.39817,-175,-2.86495
9.22,0.757446,1.39859,-175,-2.86406
9.24,0.759607,1.39901,-175,-2.86317
9.26,0.761785,1.39941,-175,-2.86226
9.28,0.763981,1.3998,-175,-2.86134
9.3,0.766193,1.40017,-175,-2.86041
9.32,0.768422,1.40054,-175,-2.85947
9.34,0.770668,1.40089,-175,-2.85852
9.36,0.772931,1.40124,-175,-2.85756
9.38,0.77521,1.40157,-175,-2.85659
9.4,0.777505,1.40188,-175,-2.85561
9.42,0.779816,1.40219,-175,-2.85462
9.44,0.782143,1.40249,-175,-2.85361
9.46,0.784486,1.40277,-175,-2.8526
9.48,0.786844,1.40304,-175,-2.85157
9.5,0.789218,1.40331,-175,-2.85054
9.52,0.791606,1.40356,-175,-2.84949
9.54,0.79401,1.4038,-175,-2.84844
9.56,0.796429,1.40402,-175,-2.84737
9.58,0.798862,1.40424,-175,-2.84629
9.6,0.801309,1.40445,-175,-2.8452
9.62,0.803771,1.40464,-175,-2.8441
9.64,0.806247,1.40483,-175,-2.84299
9.66,0.808737,1.405,-175,-2.84187
9.68,0.811241,1.40517,-175,-2.84074
9.7,0.813758,1.40532,-175,-2.8396
9.72,0.816288,1.40546,-175,-2.83844
9.74,0.818832,1.4056,-175,-2.83728
9.76,0.821389,1.40572,-175,-2.83611
9.78,0.823959,1.40583,-175,-2.83492
9.8,0.826542,1.40593,-175,-2.83372
9.82,0.829137,1.40602,-175,-2.83252
9.84,0.831745,1.40611,-175,-2.8313
9.86,0.834364,1.40618,-175,-2.83007
9.88,0.836996,1.40624,-175,-2.82883
9.9,0.83964,1.40629,-175,-2.82758
9.92,0.842295,1.40633,-175,-2.82632
9.94,0.844962,1.40637,-175,-2.82505
9.96,0.84764,1.40639,-175,-2.82377
9.98,0.85033,1.4064,-175,-2.82247
10,0.85303,1.40641,-175,-2.82117
10.02,0.855741,1.4064,-175,-2.81985
10.04,0.858463,1.40639,-175,-2.81853
10.06,0.861196,1.40637,-175,-2.81719
10.08,0.863938,1.40634,-175,-2.81584
10.1,0.866691,1.40629,-175,-2.81448
10.12,0.869454,1.40624,-175,-2.81312
10.14,0.872226,1.40619,-175,-2.81174
10.16,0.875008,1.40612,-175,-2.81034
10.18,0.8778,1.40604,-175,-2.80894
10.2,0.880601,1.40596,-175,-2.80753
10.22,0.883411,1.40586,-175,-2.80611
10.24,0.886229,1.40576,-175,-2.80467
10.26,0.889057,1.40565,-175,-2.80323
10.28,0.891893,1.40553,-175,-2.80177
10.3,0.894738,1.4054,-175,-2.8003
10.32,0.89759,1.40527,-175,-2.79883
10.34,0.900451,1.40512,-175,-2.79734
10.36,0.90332,1.40497,-175,-2.79584
10.38,0.906196,1.40481,-175,-2.79433
10.4,0.90908,1.40465,-175,-2.7928
10.42,0.911972,1.40447,-175,-2.79127
10.44,0.91487,1.40429,-175,-2.78973
10.46,0.917776,1.4041,-175,-2.78817
10.48,0.920688,1.4039,-175,-2.78661
10.5,0.923607,1.40369,-175,-2.78503
10.52,0.926533,1.40348,-175,-2.78345
10.54,0.929464,1.40326,-175,-2.78185
10.56,0.932402,1.40303,-175,-2.78024
10.58,0.935346,1.4028,-175,-2.77862
10.6,0.938296,1.40255,-175,-2.77699
10.62,0.941251,1.40231,-175,-2.77534
10.64,0.944212,1.40205,-175,-2.77369
10.66,0.947178,1.40179,-175,-2.77203
10.68,0.95015,1.40152,-175,-2.77035
10.7,0.953126,1.40124,-175,-2.76866
10.72,0.956107,1.40095,-175,-2.76697
10.74,0.959092,1.40066,-175,-2.76526
10.76,0.962082,1.40037,-175,-2.76354
10.78,0.965076,1.40006,-175,-2.76181
10.8,0.968074,1.39975,-175,-2.76007
10.82,0.971077,1.39944,-175,-2.75832
10.84,0.974082,1.39912,-175,-2.75655
10.86,0.977092,1.39879,-175,-2.75478
10.88,0.980105,1.39845,-175,-2.75299
10.9,0.983121,1.39811,-175,-2.7512
10.92,0.98614,1.39777,-175,-2.74939
10.94,0.989162,1.39741,-175,-2.74757
10.96,0.992186,1.39706,-175,-2.74574
10.98,0.995213,1.39669,-175,-2.7439
11,0.998243,1.39632,-175,-2.74205
11.02,1.00127,1.39595,-175,-2.74018
11.04,1.00431,1.39557,-175,-2.73831
11.06,1.00734,1.39518,-175,-2.73642
11.08,1.01038,1.39479,-175,-2.73453
11.1,1.01342,1.39439,-175,-2.73262
11.12,1.01646,1.39399,-175,-2.7307
11.14,1.0195,1.39358,-175,-2.72877
11.16,1.02254,1.39317,-175,-2.72683
11.18,1.02558,1.39275,-175,-2.72488
11.2,1.02863,1.39233,-175,-2.72291
11.22,1.03167,1.3919,-175,-2.72094
11.24,1.03471,1.39147,-175,-2.71895
11.26,1.03776,1.39104,-175,-2.71696
11.28,1.0408,1.39059,-175,-2.71495
11.3,1.04385,1.39015,-175,-2.71293
11.32,1.04689,1.3897,-175,-2.7109
11.34,1.04993,1.38924,-175,-2.70886
11.36,1.05297,1.38879,-175,-2.7068
11.38,1.05602,1.38832,-175,-2.70474
11.4,1.05906,1.38785,-175,-2.70266
11.42,1.06209,1.38738,-175,-2.70058
11.44,1.06513,1.38691,-175,-2.69848
11.46,1.06817,1.38643,-175,-2.69637
11.48,1.0712,1.38595,-175,-2.69425
11.5,1.07423,1.38546,-175,-2.69212
11.52,1.07726,1.38497,-175,-2.68998
11.54,1.08029,1.38447,-175,-2.68782
11.56,1.08331,1.38398,-175,-2.68566
11.58,1.08633,1.38347,-175,-2.68348
11.6,1.08935,1.38297,-175,-2.6813
11.62,1.09237,1.38246,-175,-2.6791
11.64,1.09538,1.38195,-175,-2.67689
11.66,1.09839,1.38144,-175,-2.67467
11.68,1.1014,1.38092,-175,-2.67243
11.7,1.1044,1.3804,-175,-2.67019
11.72,1.1074,1.37987,-175,-2.66793
11.74,1.11039,1.37935,-175,-2.66567
11.76,1.11338,1.37882,-175,-2.66339
11.78,1.11637,1.37828,-175,-2.6611
11.8,1.11935,1.37775,-175,-2.6588
11.82,1.12232,1.37721,-175,-2.65649
11.84,1.1253,1.37667,-175,-2.65416
11.86,1.12826,1.37613,-175,-2.65183
11.88,1.13122,1.37558,-175,-2.64948
11.9,1.13418,1.37504,-175,-2.64713
11.92,1.13713,1.37449,-175,-2.64476
11.94,1.14007,1.37393,-175,-2.64238
11.96,1.14301,1.37338,-175,-2.63999
11.98,1.14594,1.37283,-175,-2.63758
12,1.14887,1.37227,-175,-2.63517
12.02,1.15179,1.37171,-175,-2.63275
12.04,1.1547,1.37115,-175,-2.63031
12.06,1.1576,1.37058,-175,-2.62786
12.08,1.1605,1.37002,-175,-2.6254
12.1,1.16339,1.36945,-175,-2.62293
12.12,1.16628,1.36888,-175,-2.62045
12.14,1.16915,1.36832,-175,-2.61795
12.16,1.17202,1.36774,-175,-2.61545
12.18,1.17488,1.36717,-175,-2.61293
12.2,1.17774,1.3666,-175,-2.6104
12.22,1.18058,1.36603,-175,-2.60787
12.24,1.18342,1.36545,-175,-2.60531
12.26,1.18624,1.36487,-175,-2.60275
12.28,1.18906,1.3643,-175,-2.60018
12.3,1.19187,1.36372,-175,-2.59759
12.32,1.19467,1.36314,-175,-2.595
12.34,1.19747,1.36256,-175,-2.59239
12.36,1.20025,1.36198,-175,-2.58977
12.38,1.20302,1.3614,-175,-2.58714
12.4,1.20578,1.36082,-175,-2.5845
12.42,1.20854,1.36024,-175,-2.58184
12.44,1.21128,1.35966,-175,-2.57918
12.46,1.21401,1.35908,-175,-2.5765
12.48,1.21673,1.35849,-175,-2.57381
12.5,1.21944,1.35791,-175,-2.57111
12.52,1.22214,1.35733,-175,-2.5684
12.54,1.22483,1.35675,-175,-2.56568
12.56,1.22751,1.35617,-175,-2.56294
12.58,1.23018,1.35559,-175,-2.56019
12.6,1.23283,1.355,-175,-2.55744
12.62,1.23548,1.35442,-175,-2.55467
12.64,1.23811,1.35384,-175,-2.55189
12.66,1.24073,1.35326,-175,-2.54909
12.68,1.24334,1.35268,-175,-2.54629
12.7,1.24593,1.35211,-175,-2.54347
12.72,1.24851,1.35153,-175,-2.54065
12.74,1.25108,1.35095,-175,-2.53781
12.76,1.25364,1.35037,-175,-2.53496
12.78,1.25619,1.3498,-175,-2.5321
12.8,1.25872,1.34922,-175,-2.52922
12.82,1.26123,1.34865,-175,-2.52634
12.84,1.26374,1.34808,-175,-2.52344
12.86,1.26623,1.34751,-175,-2.52053
12.88,1.2687,1.34694,-175,-2.51761
12.9,1.27116,1.34637,-175,-2.51468
12.92,1.27361,1.34581,-175,-2.51174
12.94,1.27605,1.34524,-175,-2.50878
12.96,1.27846,1.34468,-175,-2.50582
12.98,1.28087,1.34412,-175,-2.50284
13,1.28326,1.34356,-175,-2.49985
13.02,1.28563,1.343,-175,-2.49685
13.04,1.28799,1.34244,-175,-2.49384
13.06,1.29033,1.34189,-175,-2.49081
13.08,1.29266,1.34134,-175,-2.48778
13.1,1.29497,1.34079,-175,-2.48473
13.12,1.29726,1.34024,-175,-2.48167
13.14,1.29954,1.3397,-175,-2.4786
13.16,1.30181,1.33915,-175,-2.47551
13.18,1.30405,1.33861,-175,-2.47242
13.2,1.30628,1.33808,-175,-2.46931
13.22,1.30849,1.33754,-175,-2.46619
13.24,1.31069,1.33701,-175,-2.46306
13.26,1.31287,1.33648,-175,-2.45992
13.28,1.31503,1.33595,-175,-2.45677
13.3,1.31717,1.33543,-175,-2.4536
13.32,1.3193,1.33491,-175,-2.45043
13.34,1.3214,1.33439,-175,-2.44724
13.36,1.32349,1.33388,-175,-2.44404
13.38,1.32556,1.33336,-175,-2.44083
13.4,1.32762,1.33286,-175,-2.4376
13.42,1.32965,1.33235,-175,-2.43437
13.44,1.33167,1.33185,-175,-2.43112
13.46,1.33366,1.33135,-175,-2.42786
13.48,1.33564,1.33086,-175,-2.42459
13.5,1.3376,1.33037,-175,-2.42131
13.52,1.33954,1.32988,-175,-2.41801
13.54,1.34146,1.3294,-175,-2.41471
13.56,1.34335,1.32892,-175,-2.41139
13.58,1.34523,1.32844,-175,-2.40806
13.6,1.34709,1.32797,-175,-2.40472
13.62,1.34893,1.3275,-175,-2.40136
13.64,1.35075,1.32704,-175,-2.398
13.66,1.35255,1.32658,-175,-2.39462
13.68,1.35432,1.32613,-175,-2.39123
13.7,1.35608,1.32568,-175,-2.38783
13.72,1.35781,1.32523,-175,-2.38442
13.74,1.35952,1.32479,-175,-2.38099
13.76,1.36121,1.32435,-175,-2.37756
13.78,1.36288,1.32392,-175,-2.37411
13.8,1.36453,1.32349,-175,-2.37065
13.82,1.36616,1.32307,-175,-2.36718
13.84,1.36776,1.32266,-175,-2.36369
13.86,1.36934,1.32224,-175,-2.3602
13.88,1.3709,1.32184,-175,-2.35669
13.9,1.37243,1.32143,-175,-2.35317
13.92,1.37395,1.32104,-175,-2.34964
13.94,1.37544,1.32065,-175,-2.34609
13.96,1.3769,1.32026,-175,-2.34254
13.98,1.37834,1.31988,-175,-2.33897
14,1.37976,1.3195,-175,-2.33539
14.02,1.38116,1.31913,-175,-2.3318
14.04,1.38253,1.31877,-175,-2.3282
14.06,1.38388,1.31841,-175,-2.32458
14.08,1.3852,1.31806,-175,-2.32096
14.1,1.3865,1.31771,-175,-2.31732
14.12,1.38777,1.31737,-175,-2.31367
14.14,1.38902,1.31704,-175,-2.31
14.16,1.39024,1.31671,-175,-2.30633
14.18,1.39144,1.31639,-175,-2.30264
14.2,1.39261,1.31607,-175,-2.29894
14.22,1.39376,1.31576,-175,-2.29523
14.24,1.39488,1.31546,-175,-2.29151
14.26,1.39598,1.31516,-175,-2.28777
14.28,1.39705,1.31487,-175,-2.28403
14.3,1.39809,1.31459,-175,-2.28027
14.32,1.39911,1.31431,-175,-2.2765
14.34,1.4001,1.31404,-175,-2.27271
14.36,1.40106,1.31378,-175,-2.26892
14.38,1.402,1.31352,-175,-2.26511
14.4,1.40291,1.31327,-175,-2.26129
14.42,1.40379,1.31303,-175,-2.25746
14.44,1.40465,1.31279,-175,-2.25362
14.46,1.40548,1.31257,-175,-2.24976
14.48,1.40628,1.31234,-175,-2.2459
14.5,1.40705,1.31213,-175,-2.24202
14.52,1.40779,1.31193,-175,-2.23813
14.54,1.40851,1.31173,-175,-2.23422
14.56,1.40919,1.31154,-175,-2.23031
14.58,1.40985,1.31135,-175,-2.22638
14.6,1.41048,1.31118,-175,-2.22244
14.62,1.41108,1.31101,-175,-2.21849
14.64,1.41165,1.31085,-175,-2.21453
14.66,1.41219,1.3107,-175,-2.21055
14.68,1.41271,1.31056,-175,-2.20656
14.7,1.41319,1.31042,-175,-2.20256
14.72,1.41364,1.31029,-175,-2.19855
14.74,1.41406,1.31018,-175,-2.19452
14.76,1.41446,1.31006,-175,-2.19049
14.78,1.41482,1.30996,-175,-2.18644
14.8,1.41515,1.30987,-175,-2.18238
14.82,1.41545,1.30978,-175,-2.17831
14.84,1.41572,1.30971,-175,-2.17422
14.86,1.41596,1.30964,-175,-2.17012
14.88,1.41617,1.30958,-175,-2.16601
14.9,1.41634,1.30953,-175,-2.16189
14.92,1.41649,1.30949,-175,-2.15776
14.94,1.4166,1.30946,-175,-2.15361
14.96,1.41668,1.30943,-175,-2.14945
14.98,1.41673,1.30942,-175,-2.14528
15,1.41674,1.30942,-175,-2.1411
15,1.41674,1.30942,-175,-2.1411
15.02,1.41666,1.30942,-175,-2.13689
15.04,1.41641,1.30942,-175,-2.13265
15.06,1.416,1.30942,-175,-2.12838
15.08,1.41542,1.30942,-175,-2.12407
15.1,1.41468,1.30942,-175,-2.11973
15.12,1.41378,1.30942,-175,-2.11535
15.14,1.41271,1.30942,-175,-2.11094
15.16,1.41149,1.30942,-175,-2.1065
15.18,1.41011,1.30942,-175,-2.10202
15.2,1.40857,1.30942,-175,-2.09752
15.22,1.40687,1.30942,-175,-2.09297
15.24,1.40501,1.30942,-175,-2.0884
15.26,1.403,1.30942,-175,-2.08379
15.28,1.40083,1.30942,-175,-2.07916
15.3,1.39851,1.30942,-175,-2.07448
15.32,1.39604,1.30942,-175,-2.06978
15.34,1.39341,1.30942,-175,-2.06505
15.36,1.39063,1.30942,-175,-2.06028
15.38,1.3877,1.30942,-175,-2.05549
15.4,1.38463,1.30942,-175,-2.05066
15.42,1.3814,1.30942,-175,-2.0458
15.44,1.37802,1.30942,-175,-2.04091
15.46,1.3745,1.30942,-175,-2.03599
15.48,1.37083,1.30942,-175,-2.03104
15.5,1.36702,1.30942,-175,-2.02606
15.52,1.36306,1.30942,-175,-2.02105
15.54,1.35896,1.30942,-175,-2.01601
15.56,1.35472,1.30942,-175,-2.01094
15.58,1.35034,1.30942,-175,-2.00585
15.6,1.34581,1.30942,-175,-2.00072
15.62,1.34114,1.30942,-175,-1.99556
15.64,1.33634,1.30942,-175,-1.99037
15.66,1.3314,1.30942,-175,-1.98516
15.68,1.32632,1.30942,-175,-1.97992
15.7,1.3211,1.30942,-175,-1.97465
15.72,1.31575,1.30942,-175,-1.96935
15.74,1.31026,1.30942,-175,-1.96402
15.76,1.30464,1.30942,-175,-1.95867
15.78,1.29889,1.30942,-175,-1.95328
15.8,1.29301,1.30942,-175,-1.94787
15.82,1.28699,1.30942,-175,-1.94244
15.84,1.28085,1.30942,-175,-1.93697
15.86,1.27457,1.30942,-175,-1.93148
15.88,1.26817,1.30942,-175,-1.92596
15.9,1.26164,1.30942,-175,-1.92042
15.92,1.25498,1.30942,-175,-1.91485
15.94,1.2482,1.30942,-175,-1.90925
15.96,1.24129,1.30942,-175,-1.90363
15.98,1.23426,1.30942,-175,-1.89798
16,1.22711,1.30942,-175,-1.89231
16.02,1.21983,1.30942,-175,-1.88661
16.04,1.21243,1.30942,-175,-1.88089
16.06,1.20491,1.30942,-175,-1.87514
16.08,1.19728,1.30942,-175,-1.86937
16.1,1.18952,1.30942,-175,-1.86357
16.12,1.18165,1.30942,-175,-1.85775
16.14,1.17366,1.30942,-175,-1.8519
16.16,1.16555,1.30942,-175,-1.84603
16.18,1.15733,1.30942,-175,-1.84013
16.2,1.14899,1.30942,-175,-1.83421
16.22,1.14054,1.30942,-175,-1.82827
16.24,1.13198,1.30942,-175,-1.82231
16.26,1.12331,1.30942,-175,-1.81632
16.28,1.11453,1.30942,-175,-1.81031
16.3,1.10564,1.30942,-175,-1.80427
16.32,1.09663,1.30942,-175,-1.79822
16.34,1.08752,1.30942,-175,-1.79214
16.36,1.07831,1.30942,-175,-1.78604
16.38,1.06899,1.30942,-175,-1.77991
16.4,1.05956,1.30942,-175,-1.77377
16.42,1.05003,1.30942,-175,-1.7676
16.44,1.04039,1.30942,-175,-1.76141
16.46,1.03065,1.30942,-175,-1.7552
16.48,1.02081,1.30942,-175,-1.74897
16.5,1.01087,1.30942,-175,-1.74272
16.52,1.00083,1.30942,-175,-1.73645
16.54,0.990692,1.30942,-175,-1.73016
16.56,0.980455,1.30942,-175,-1.72385
16.58,0.97012,1.30942,-175,-1.71751
16.6,0.959689,1.30942,-175,-1.71116
16.62,0.949162,1.30942,-175,-1.70479
16.64,0.938541,1.30942,-175,-1.69839
16.66,0.927826,1.30942,-175,-1.69198
16.68,0.917018,1.30942,-175,-1.68555
16.7,0.906118,1.30942,-175,-1.6791
16.72,0.895128,1.30942,-175,-1.67263
16.74,0.884047,1.30942,-175,-1.66614
16.76,0.872877,1.30942,-175,-1.65963
16.78,0.861618,1.30942,-175,-1.65311
16.8,0.850272,1.30942,-175,-1.64657
16.82,0.83884,1.30942,-175,-1.64001
16.84,0.827322,1.30942,-175,-1.63343
16.86,0.815719,1.30942,-175,-1.62683
16.88,0.804032,1.30942,-175,-1.62022
16.9,0.792262,1.30942,-175,-1.61359
16.92,0.78041,1.30942,-175,-1.60694
16.94,0.768476,1.30942,-175,-1.60027
16.96,0.756462,1.30942,-175,-1.59359
16.98,0.744369,1.30942,-175,-1.58689
17,0.732197,1.30942,-175,-1.58018
17.02,0.719948,1.30942,-175,-1.57345
17.04,0.707621,1.30942,-175,-1.5667
17.06,0.695219,1.30942,-175,-1.55994
17.08,0.682742,1.30942,-175,-1.55316
17.1,0.67019,1.30942,-175,-1.54637
17.12,0.657566,1.30942,-175,-1.53956
17.14,0.644869,1.30942,-175,-1.53274
17.16,0.6321,1.30942,-175,-1.5259
17.18,0.619261,1.30942,-175,-1.51905
17.2,0.606352,1.30942,-175,-1.51218
17.22,0.593374,1.30942,-175,-1.5053
17.24,0.580329,1.30942,-175,-1.4984
17.26,0.567216,1.30942,-175,-1.49149
17.28,0.554037,1.30942,-175,-1.48457
17.3,0.540793,1.30942,-175,-1.47763
17.32,0.527484,1.30942,-175,-1.47068
17.34,0.514112,1.30942,-175,-1.46372
17.36,0.500678,1.30942,-175,-1.45674
17.38,0.487181,1.30942,-175,-1.44975
17.4,0.473624,1.30942,-175,-1.44275
17.42,0.460007,1.30942,-175,-1.43574
17.44,0.446331,1.30942,-175,-1.42871
17.46,0.432596,1.30942,-175,-1.42167
17.48,0.418805,1.30942,-175,-1.41462
17.5,0.404957,1.30942,-175,-1.40756
17.52,0.391053,1.30942,-175,-1.40048
17.54,0.377095,1.30942,-175,-1.3934
17.56,0.363083,1.30942,-175,-1.3863
17.58,0.349018,1.30942,-175,-1.37919
17.6,0.334902,1.30942,-175,-1.37208
17.62,0.320734,1.30942,-175,-1.36495
17.64,0.306516,1.30942,-175,-1.35781
17.66,0.292249,1.30942,-175,-1.35066
17.68,0.277933,1.30942,-175,-1.3435
17.7,0.26357,1.30942,-175,-1.33633
17.72,0.24916,1.30942,-175,-1.32915
17.74,0.234705,1.30942,-175,-1.32196
17.76,0.220205,1.30942,-175,-1.31477
17.78,0.20566,1.30942,-175,-1.30756
17.8,0.191073,1.30942,-175,-1.30034
17.82,0.176444,1.30942,-175,-1.29312
17.84,0.161773,1.30942,-175,-1.28589
17.86,0.147062,1.30942,-175,-1.27865
17.88,0.132311,1.30942,-175,-1.2714
17.9,0.117521,1.30942,-175,-1.26414
17.92,0.102694,1.30942,-175,-1.25687
17.94,0.0878303,1.30942,-175,-1.2496
17.96,0.0729304,1.30942,-175,-1.24232
17.98,0.0579954,1.30942,-175,-1.23503
18,0.0430262,1.30942,-175,-1.22774
18.02,0.0280236,1.30942,-175,-1.22044
18.04,0.0129887,1.30942,-175,-1.21313
18.06,-0.00207772,1.30942,-175,-1.20581
18.08,-0.0171748,1.30942,-175,-1.19849
18.1,-0.0323016,1.30942,-175,-1.19116
18.12,-0.0474573,1.30942,-175,-1.18383
18.14,-0.062641,1.30942,-175,-1.17649
18.16,-0.0778518,1.30942,-175,-1.16915
18.18,-0.0930887,1.30942,-175,-1.16179
18.2,-0.108351,1.30942,-175,-1.15444
18.22,-0.123638,1.30942,-175,-1.14708
18.24,-0.138948,1.30942,-175,-1.13971
18.26,-0.154281,1.30942,-175,-1.13234
18.28,-0.169635,1.30942,-175,-1.12497
18.3,-0.185011,1.30942,-175,-1.11759
18.32,-0.200406,1.30942,-175,-1.11021
18.34,-0.215821,1.30942,-175,-1.10282
18.36,-0.231254,1.30942,-175,-1.09543
18.38,-0.246704,1.30942,-175,-1.08803
18.4,-0.26217,1.30942,-175,-1.08063
18.42,-0.277652,1.30942,-175,-1.07323
18.44,-0.293149,1.30942,-175,-1.06583
18.46,-0.30866,1.30942,-175,-1.05842
18.48,-0.324183,1.30942,-175,-1.05101
18.5,-0.339718,1.30942,-175,-1.0436
18.52,-0.355265,1.30942,-175,-1.03618
18.54,-0.370821,1.30942,-175,-1.02877
18.56,-0.386387,1.30942,-175,-1.02135
18.58,-0.401962,1.30942,-175,-1.01393
18.6,-0.417544,1.30942,-175,-1.00651
18.62,-0.433132,1.30942,-175,-0.999083
18.64,-0.448727,1.30942,-175,-0.991658
18.66,-0.464326,1.30942,-175,-0.984233
18.68,-0.479929,1.30942,-175,-0.976806
18.7,-0.495536,1.30942,-175,-0.969379
18.72,-0.511144,1.30942,-175,-0.961952
18.74,-0.526754,1.30942,-175,-0.954524
18.76,-0.542365,1.30942,-175,-0.947096
18.78,-0.557975,1.30942,-175,-0.939668
18.8,-0.573583,1.30942,-175,-0.932241
18.82,-0.58919,1.30942,-175,-0.924813
18.84,-0.604793,1.30942,-175,-0.917387
18.86,-0.620392,1.30942,-175,-0.909961
18.88,-0.635987,1.30942,-175,-0.902537
18.9,-0.651575,1.30942,-175,-0.895113
18.92,-0.667157,1.30942,-175,-0.887691
18.94,-0.682732,1.30942,-175,-0.880271
18.96,-0.698298,1.30942,-175,-0.872852
18.98,-0.713854,1.30942,-175,-0.865435
19,-0.729401,1.30942,-175,-0.858021
19.02,-0.744936,1.30942,-175,-0.850608
19.04,-0.760459,1.30942,-175,-0.843199
19.06,-0.77597,1.30942,-175,-0.835791
19.08,-0.791467,1.30942,-175,-0.828387
19.1,-0.806949,1.30942,-175,-0.820986
19.12,-0.822415,1.30942,-175,-0.813588
19.14,-0.837865,1.30942,-175,-0.806193
19.16,-0.853298,1.30942,-175,-0.798802
19.18,-0.868713,1.30942,-175,-0.791415
19.2,-0.884108,1.30942,-175,-0.784031
19.22,-0.899483,1.30942,-175,-0.776652
19.24,-0.914838,1.30942,-175,-0.769277
19.26,-0.930171,1.30942,-175,-0.761907
19.28,-0.945481,1.30942,-175,-0.754541
19.3,-0.960768,1.30942,-175,-0.747181
19.32,-0.97603,1.30942,-175,-0.739825
19.34,-0.991267,1.30942,-175,-0.732475
19.36,-1.00648,1.30942,-175,-0.72513
19.38,-1.02166,1.30942,-175,-0.71779
19.4,-1.03682,1.30942,-175,-0.710457
19.42,-1.05194,1.30942,-175,-0.703129
19.44,-1.06704,1.30942,-175,-0.695808
19.46,-1.08211,1.30942,-175,-0.688493
19.48,-1.09714,1.30942,-175,-0.681184
19.5,-1.11215,1.30942,-175,-0.673882
19.52,-1.12711,1.30942,-175,-0.666587
19.54,-1.14205,1.30942,-175,-0.6593
19.56,-1.15695,1.30942,-175,-0.652019
19.58,-1.17181,1.30942,-175,-0.644746
19.6,-1.18664,1.30942,-175,-0.637481
19.62,-1.20143,1.30942,-175,-0.630223
19.64,-1.21618,1.30942,-175,-0.622974
19.66,-1.23089,1.30942,-175,-0.615732
19.68,-1.24556,1.30942,-175,-0.608499
19.7,-1.26019,1.30942,-175,-0.601275
19.72,-1.27478,1.30942,-175,-0.594059
19.74,-1.28932,1.30942,-175,-0.586853
19.76,-1.30382,1.30942,-175,-0.579655
19.78,-1.31828,1.30942,-175,-0.572467
19.8,-1.33269,1.30942,-175,-0.565288
19.82,-1.34705,1.30942,-175,-0.558119
19.84,-1.36137,1.30942,-175,-0.55096
19.86,-1.37563,1.30942,-175,-0.54381
19.88,-1.38985,1.30942,-175,-0.536671
19.9,-1.40402,1.30942,-175,-0.529543
19.92,-1.41814,1.30942,-175,-0.522425
19.94,-1.4322,1.30942,-175,-0.515318
19.96,-1.44621,1.30942,-175,-0.508221
19.98,-1.46017,1.30942,-175,-0.501136
20,-1.47408,1.30942,-175,-0.494063
20.02,-1.48792,1.30942,-175,-0.487
20.04,-1.50172,1.30942,-175,-0.47995
20.06,-1.51545,1.30942,-175,-0.472911
20.08,-1.52913,1.30942,-175,-0.465885
20.1,-1.54274,1.30942,-175,-0.45887
20.12,-1.5563,1.30942,-175,-0.451868
20.14,-1.5698,1.30942,-175,-0.444879
20.16,-1.58323,1.30942,-175,-0.437903
20.18,-1.5966,1.30942,-175,-0.430939
20.2,-1.60991,1.30942,-175,-0.423989
20.22,-1.62316,1.30942,-175,-0.417052
20.24,-1.63633,1.30942,-175,-0.410129
20.26,-1.64945,1.30942,-175,-0.403219
20.28,-1.66249,1.30942,-175,-0.396323
20.3,-1.67547,1.30942,-175,-0.389442
20.32,-1.68838,1.30942,-175,-0.382574
20.34,-1.70122,1.30942,-175,-0.375721
20.36,-1.71399,1.30942,-175,-0.368883
20.38,-1.72668,1.30942,-175,-0.36206
20.4,-1.73931,1.30942,-175,-0.355251
20.42,-1.75186,1.30942,-175,-0.348458
20.44,-1.76434,1.30942,-175,-0.34168
20.46,-1.77674,1.30942,-175,-0.334918
20.48,-1.78907,1.30942,-175,-0.328172
20.5,-1.80132,1.30942,-175,-0.321441
20.52,-1.81349,1.30942,-175,-0.314727
20.54,-1.82558,1.30942,-175,-0.308028
20.56,-1.8376,1.30942,-175,-0.301347
20.58,-1.84953,1.30942,-175,-0.294682
20.6,-1.86138,1.30942,-175,-0.288034
20.62,-1.87315,1.30942,-175,-0.281403
20.64,-1.88484,1.30942,-175,-0.274789
20.66,-1.89644,1.30942,-175,-0.268193
20.68,-1.90796,1.30942,-175,-0.261614
20.7,-1.91939,1.30942,-175,-0.255053
20.72,-1.93074,1.30942,-175,-0.24851
20.74,-1.942,1.30942,-175,-0.241985
20.76,-1.95317,1.30942,-175,-0.235478
20.78,-1.96425,1.30942,-175,-0.22899
20.8,-1.97524,1.30942,-175,-0.222521
20.82,-1.98614,1.30942,-175,-0.21607
20.84,-1.99694,1.30942,-175,-0.209639
20.86,-2.00766,1.30942,-175,-0.203227
20.88,-2.01828,1.30942,-175,-0.196834
20.9,-2.02881,1.30942,-175,-0.190461
20.92,-2.03924,1.30942,-175,-0.184108
20.94,-2.04957,1.30942,-175,-0.177775
20.96,-2.05981,1.30942,-175,-0.171462
20.98,-2.06995,1.30942,-175,-0.165169
21,-2.07999,1.30942,-175,-0.158897
21.02,-2.08993,1.30942,-175,-0.152645
21.04,-2.09977,1.30942,-175,-0.146415
21.06,-2.10951,1.30942,-175,-0.140205
21.08,-2.11915,1.30942,-175,-0.134017
21.1,-2.12868,1.30942,-175,-0.127851
21.12,-2.1381,1.30942,-175,-0.121705
21.14,-2.14743,1.30942,-175,-0.115582
21.16,-2.15664,1.30942,-175,-0.109481
21.18,-2.16575,1.30942,-175,-0.103402
21.2,-2.17475,1.30942,-175,-0.0973456
21.22,-2.18365,1.30942,-175,-0.0913116
21.24,-2.19243,1.30942,-175,-0.0853003
21.26,-2.2011,1.30942,-175,-0.079312
21.28,-2.20966,1.30942,-175,-0.0733469
21.3,-2.21811,1.30942,-175,-0.067405
21.32,-2.22645,1.30942,-175,-0.0614866
21.34,-2.23467,1.30942,-175,-0.0555919
21.36,-2.24278,1.30942,-175,-0.0497211
21.38,-2.25077,1.30942,-175,-0.0438743
21.4,-2.25864,1.30942,-175,-0.0380518
21.42,-2.2664,1.30942,-175,-0.0322536
21.44,-2.27403,1.30942,-175,-0.0264801
21.46,-2.28155,1.30942,-175,-0.0207314
21.48,-2.28895,1.30942,-175,-0.0150076
21.5,-2.29622,1.30942,-175,-0.00930896
21.52,-2.30338,1.30942,-175,-0.00363567
21.54,-2.31041,1.30942,-175,0.0020121
21.56,-2.31732,1.30942,-175,0.00763416
21.58,-2.3241,1.30942,-175,0.0132303
21.6,-2.33076,1.30942,-175,0.0188004
21.62,-2.33729,1.30942,-175,0.0243443
21.64,-2.34369,1.30942,-175,0.0298617
21.66,-2.34997,1.30942,-175,0.0353524
21.68,-2.35611,1.30942,-175,0.0408164
21.7,-2.36213,1.30942,-175,0.0462534
21.72,-2.36801,1.30942,-175,0.0516632
21.74,-2.37376,1.30942,-175,0.0570456
21.76,-2.37938,1.30942,-175,0.0624004
21.78,-2.38487,1.30942,-175,0.0677276
21.8,-2.39022,1.30942,-175,0.0730268
21.82,-2.39544,1.30942,-175,0.0782979
21.84,-2.40052,1.30942,-175,0.0835408
21.86,-2.40546,1.30942,-175,0.0887551
21.88,-2.41026,1.30942,-175,0.0939408
21.9,-2.41493,1.30942,-175,0.0990977
21.92,-2.41945,1.30942,-175,0.104226
21.94,-2.42384,1.30942,-175,0.109324
21.96,-2.42808,1.30942,-175,0.114393
21.98,-2.43218,1.30942,-175,0.119433
22,-2.43614,1.30942,-175,0.124443
22.02,-2.43995,1.30942,-175,0.129423
22.04,-2.44362,1.30942,-175,0.134373
22.06,-2.44714,1.30942,-175,0.139292
22.08,-2.45052,1.30942,-175,0.144181
22.1,-2.45374,1.30942,-175,0.14904
22.12,-2.45682,1.30942,-175,0.153867
22.14,-2.45975,1.30942,-175,0.158664
22.16,-2.46253,1.30942,-175,0.163429
22.18,-2.46515,1.30942,-175,0.168163
22.2,-2.46763,1.30942,-175,0.172865
22.22,-2.46995,1.30942,-175,0.177535
22.24,-2.47212,1.30942,-175,0.182174
22.26,-2.47413,1.30942,-175,0.18678
22.28,-2.47599,1.30942,-175,0.191354
22.3,-2.47768,1.30942,-175,0.195895
22.32,-2.47923,1.30942,-175,0.200404
22.34,-2.48061,1.30942,-175,0.20488
22.36,-2.48183,1.30942,-175,0.209323
22.38,-2.4829,1.30942,-175,0.213732
22.4,-2.4838,1.30942,-175,0.218108
22.42,-2.48454,1.30942,-175,0.22245
22.44,-2.48512,1.30942,-175,0.226759
22.46,-2.48553,1.30942,-175,0.231034
22.48,-2.48578,1.30942,-175,0.235274
22.5,-2.48586,1.30942,-175,0.23948
22.5,-2.48586,1.30942,-175,0.23948
22.52,-2.48585,1.30942,-175,0.243663
22.54,-2.4858,1.30942,-175,0.247833
22.56,-2.48572,1.30942,-175,0.251991
22.58,-2.4856,1.30942,-175,0.256138
22.6,-2.48546,1.30942,-175,0.260271
22.62,-2.48528,1.30942,-175,0.264393
22.64,-2.48508,1.30942,-175,0.268503
22.66,-2.48484,1.30942,-175,0.2726
22.68,-2.48457,1.30942,-175,0.276685
22.7,-2.48427,1.30942,-175,0.280758
22.72,-2.48394,1.30942,-175,0.284819
22.74,-2.48357,1.30942,-175,0.288868
22.76,-2.48318,1.30942,-175,0.292905
22.78,-2.48276,1.30942,-175,0.296929
22.8,-2.48231,1.30942,-175,0.300941
22.82,-2.48182,1.30942,-175,0.304942
22.84,-2.48131,1.30942,-175,0.30893
22.86,-2.48077,1.30942,-175,0.312906
22.88,-2.4802,1.30942,-175,0.316869
22.9,-2.4796,1.30942,-175,0.320821
22.92,-2.47897,1.30942,-175,0.324761
22.94,-2.47831,1.30942,-175,0.328688
22.96,-2.47763,1.30942,-175,0.332604
22.98,-2.47691,1.30942,-175,0.336507
23,-2.47617,1.30942,-175,0.340398
23.02,-2.47539,1.30942,-175,0.344278
23.04,-2.47459,1.30942,-175,0.348145
23.06,-2.47377,1.30942,-175,0.352
23.08,-2.47291,1.30942,-175,0.355843
23.1,-2.47203,1.30942,-175,0.359674
23.12,-2.47112,1.30942,-175,0.363493
23.14,-2.47018,1.30942,-175,0.3673
23.16,-2.46922,1.30942,-175,0.371095
23.18,-2.46823,1.30942,-175,0.374878
23.2,-2.46721,1.30942,-175,0.378648
23.22,-2.46617,1.30942,-175,0.382407
23.24,-2.4651,1.30942,-175,0.386154
23.26,-2.464,1.30942,-175,0.389889
23.28,-2.46288,1.30942,-175,0.393612
23.3,-2.46173,1.30942,-175,0.397322
23.32,-2.46056,1.30942,-175,0.401021
23.34,-2.45936,1.30942,-175,0.404708
23.36,-2.45814,1.30942,-175,0.408383
23.38,-2.45689,1.30942,-175,0.412046
23.4,-2.45562,1.30942,-175,0.415697
23.42,-2.45432,1.30942,-175,0.419336
23.44,-2.453,1.30942,-175,0.422963
23.46,-2.45165,1.30942,-175,0.426578
23.48,-2.45028,1.30942,-175,0.430181
23.5,-2.44888,1.30942,-175,0.433772
23.52,-2.44746,1.30942,-175,0.437351
23.54,-2.44602,1.30942,-175,0.440918
23.56,-2.44456,1.30942,-175,0.444474
23.58,-2.44307,1.30942,-175,0.448017
23.6,-2.44155,1.30942,-175,0.451549
23.62,-2.44002,1.30942,-175,0.455069
23.64,-2.43846,1.30942,-175,0.458576
23.66,-2.43688,1.30942,-175,0.462072
23.68,-2.43528,1.30942,-175,0.465556
23.7,-2.43365,1.30942,-175,0.469028
23.72,-2.432,1.30942,-175,0.472488
23.74,-2.43033,1.30942,-175,0.475937
23.76,-2.42864,1.30942,-175,0.479373
23.78,-2.42693,1.30942,-175,0.482798
23.8,-2.4252,1.30942,-175,0.486211
23.82,-2.42344,1.30942,-175,0.489611
23.84,-2.42166,1.30942,-175,0.493001
23.86,-2.41987,1.30942,-175,0.496378
23.88,-2.41805,1.30942,-175,0.499743
23.9,-2.41621,1.30942,-175,0.503097
23.92,-2.41435,1.30942,-175,0.506438
23.94,-2.41247,1.30942,-175,0.509768
23.96,-2.41057,1.30942,-175,0.513086
23.98,-2.40866,1.30942,-175,0.516393
24,-2.40672,1.30942,-175,0.519687
24.02,-2.40476,1.30942,-175,0.52297
24.04,-2.40278,1.30942,-175,0.526241
24.06,-2.40079,1.30942,-175,0.5295
24.08,-2.39877,1.30942,-175,0.532747
24.1,-2.39674,1.30942,-175,0.535983
24.12,-2.39468,1.30942,-175,0.539207
24.14,-2.39261,1.30942,-175,0.542419
24.16,-2.39052,1.30942,-175,0.545619
24.18,-2.38842,1.30942,-175,0.548808
24.2,-2.38629,1.30942,-175,0.551985
24.22,-2.38415,1.30942,-175,0.55515
24.24,-2.38199,1.30942,-175,0.558303
24.26,-2.37981,1.30942,-175,0.561445
24.28,-2.37761,1.30942,-175,0.564574
24.3,-2.3754,1.30942,-175,0.567693
24.32,-2.37317,1.30942,-175,0.570799
24.34,-2.37092,1.30942,-175,0.573894
24.36,-2.36866,1.30942,-175,0.576977
24.38,-2.36638,1.30942,-175,0.580048
24.4,-2.36409,1.30942,-175,0.583108
24.42,-2.36178,1.30942,-175,0.586156
24.44,-2.35945,1.30942,-175,0.589192
24.46,-2.35711,1.30942,-175,0.592217
24.48,-2.35475,1.30942,-175,0.59523
24.5,-2.35237,1.30942,-175,0.598231
24.52,-2.34999,1.30942,-175,0.601221
24.54,-2.34758,1.30942,-175,0.604199
24.56,-2.34516,1.30942,-175,0.607165
24.58,-2.34273,1.30942,-175,0.61012
24.6,-2.34028,1.30942,-175,0.613063
24.62,-2.33782,1.30942,-175,0.615994
24.64,-2.33535,1.30942,-175,0.618914
24.66,-2.33286,1.30942,-175,0.621822
24.68,-2.33035,1.30942,-175,0.624719
24.7,-2.32783,1.30942,-175,0.627604
24.72,-2.3253,1.30942,-175,0.630477
24.74,-2.32276,1.30942,-175,0.633339
24.76,-2.3202,1.30942,-175,0.636189
24.78,-2.31763,1.30942,-175,0.639028
24.8,-2.31505,1.30942,-175,0.641855
24.82,-2.31246,1.30942,-175,0.644671
24.84,-2.30985,1.30942,-175,0.647475
24.86,-2.30723,1.30942,-175,0.650267
24.88,-2.3046,1.30942,-175,0.653048
24.9,-2.30195,1.30942,-175,0.655817
24.92,-2.2993,1.30942,-175,0.658575
24.94,-2.29663,1.30942,-175,0.661321
24.96,-2.29395,1.30942,-175,0.664056
24.98,-2.29126,1.30942,-175,0.666779
25,-2.28856,1.30942,-175,0.66949
25.02,-2.28585,1.30942,-175,0.67219
25.04,-2.28313,1.30942,-175,0.674879
25.06,-2.2804,1.30942,-175,0.677556
25.08,-2.27765,1.30942,-175,0.680221
25.1,-2.2749,1.30942,-175,0.682875
25.12,-2.27214,1.30942,-175,0.685518
25.14,-2.26937,1.30942,-175,0.688149
25.16,-2.26658,1.30942,-175,0.690769
25.18,-2.26379,1.30942,-175,0.693377
25.2,-2.26099,1.30942,-175,0.695973
25.22,-2.25818,1.30942,-175,0.698559
25.24,-2.25536,1.30942,-175,0.701132
25.26,-2.25254,1.30942,-175,0.703695
25.28,-2.2497,1.30942,-175,0.706246
25.3,-2.24685,1.30942,-175,0.708785
25.32,-2.244,1.30942,-175,0.711313
25.34,-2.24114,1.30942,-175,0.71383
25.36,-2.23827,1.30942,-175,0.716335
25.38,-2.2354,1.30942,-175,0.718828
25.4,-2.23251,1.30942,-175,0.721311
25.42,-2.22962,1.30942,-175,0.723782
25.44,-2.22672,1.30942,-175,0.726241
25.46,-2.22382,1.30942,-175,0.728689
25.48,-2.2209,1.30942,-175,0.731126
25.5,-2.21799,1.30942,-175,0.733551
25.52,-2.21506,1.30942,-175,0.735965
25.54,-2.21213,1.30942,-175,0.738368
25.56,-2.20919,1.30942,-175,0.740759
25.58,-2.20625,1.30942,-175,0.743139
25.6,-2.2033,1.30942,-175,0.745507
25.62,-2.20034,1.30942,-175,0.747864
25.64,-2.19738,1.30942,-175,0.75021
25.66,-2.19441,1.30942,-175,0.752545
25.68,-2.19144,1.30942,-175,0.754868
25.7,-2.18847,1.30942,-175,0.75718
25.72,-2.18549,1.30942,-175,0.75948
25.74,-2.1825,1.30942,-175,0.761769
25.76,-2.17951,1.30942,-175,0.764047
25.78,-2.17652,1.30942,-175,0.766314
25.8,-2.17352,1.30942,-175,0.768569
25.82,-2.17052,1.30942,-175,0.770813
25.84,-2.16751,1.30942,-175,0.773045
25.86,-2.1645,1.30942,-175,0.775267
25.88,-2.16149,1.30942,-175,0.777477
25.9,-2.15847,1.30942,-175,0.779676
25.92,-2.15545,1.30942,-175,0.781863
25.94,-2.15243,1.30942,-175,0.784039
25.96,-2.14941,1.30942,-175,0.786204
25.98,-2.14638,1.30942,-175,0.788358
26,-2.14335,1.30942,-175,0.790501
26.02,-2.14032,1.30942,-175,0.792632
26.04,-2.13728,1.30942,-175,0.794752
26.06,-2.13425,1.30942,-175,0.796861
26.08,-2.13121,1.30942,-175,0.798959
26.1,-2.12817,1.30942,-175,0.801045
26.12,-2.12513,1.30942,-175,0.80312
26.14,-2.12209,1.30942,-175,0.805184
26.16,-2.11905,1.30942,-175,0.807237
26.18,-2.11601,1.30942,-175,0.809278
26.2,-2.11297,1.30942,-175,0.811309
26.22,-2.10992,1.30942,-175,0.813328
26.24,-2.10688,1.30942,-175,0.815336
26.26,-2.10383,1.30942,-175,0.817333
26.28,-2.10079,1.30942,-175,0.819319
26.3,-2.09775,1.30942,-175,0.821293
26.32,-2.0947,1.30942,-175,0.823257
26.34,-2.09166,1.30942,-175,0.825209
26.36,-2.08862,1.30942,-175,0.82715
26.38,-2.08558,1.30942,-175,0.82908
26.4,-2.08254,1.30942,-175,0.830999
26.42,-2.0795,1.30942,-175,0.832906
26.44,-2.07646,1.30942,-175,0.834803
26.46,-2.07343,1.30942,-175,0.836688
26.48,-2.07039,1.30942,-175,0.838563
26.5,-2.06736,1.30942,-175,0.840426
26.52,-2.06433,1.30942,-175,0.842278
26.54,-2.06131,1.30942,-175,0.844119
26.56,-2.05828,1.30942,-175,0.845949
26.58,-2.05526,1.30942,-175,0.847768
26.6,-2.05224,1.30942,-175,0.849575
26.62,-2.04922,1.30942,-175,0.851372
26.64,-2.04621,1.30942,-175,0.853158
26.66,-2.0432,1.30942,-175,0.854932
26.68,-2.0402,1.30942,-175,0.856696
26.7,-2.03719,1.30942,-175,0.858448
26.72,-2.0342,1.30942,-175,0.86019
26.74,-2.0312,1.30942,-175,0.86192
26.76,-2.02821,1.30942,-175,0.863639
26.78,-2.02523,1.30942,-175,0.865348
26.8,-2.02224,1.30942,-175,0.867045
26.82,-2.01927,1.30942,-175,0.868731
26.84,-2.0163,1.30942,-175,0.870406
26.86,-2.01333,1.30942,-175,0.872071
26.88,-2.01037,1.30942,-175,0.873724
26.9,-2.00741,1.30942,-175,0.875366
26.92,-2.00447,1.30942,-175,0.876997
26.94,-2.00152,1.30942,-175,0.878618
26.96,-1.99858,1.30942,-175,0.880227
26.98,-1.99565,1.30942,-175,0.881825
27,-1.99273,1.30942,-175,0.883413
27.02,-1.98981,1.30942,-175,0.884989
27.04,-1.98689,1.30942,-175,0.886555
27.06,-1.98399,1.30942,-175,0.888109
27.08,-1.98109,1.30942,-175,0.889653
27.1,-1.9782,1.30942,-175,0.891185
27.12,-1.97532,1.30942,-175,0.892707
27.14,-1.97244,1.30942,-175,0.894218
27.16,-1.96957,1.30942,-175,0.895717
27.18,-1.96671,1.30942,-175,0.897206
27.2,-1.96386,1.30942,-175,0.898684
27.22,-1.96101,1.30942,-175,0.900151
27.24,-1.95818,1.30942,-175,0.901608
27.26,-1.95535,1.30942,-175,0.903053
27.28,-1.95253,1.30942,-175,0.904487
27.3,-1.94972,1.30942,-175,0.905911
27.32,-1.94692,1.30942,-175,0.907323
27.34,-1.94413,1.30942,-175,0.908725
27.36,-1.94135,1.30942,-175,0.910116
27.38,-1.93857,1.30942,-175,0.911496
27.4,-1.93581,1.30942,-175,0.912865
27.42,-1.93306,1.30942,-175,0.914224
27.44,-1.93031,1.30942,-175,0.915571
27.46,-1.92758,1.30942,-175,0.916908
27.48,-1.92486,1.30942,-175,0.918233
27.5,-1.92215,1.30942,-175,0.919548
27.52,-1.91945,1.30942,-175,0.920853
27.54,-1.91676,1.30942,-175,0.922146
27.56,-1.91408,1.30942,-175,0.923428
27.58,-1.91141,1.30942,-175,0.9247
27.6,-1.90876,1.30942,-175,0.925961
27.62,-1.90612,1.30942,-175,0.927211
27.64,-1.90348,1.30942,-175,0.928451
27.66,-1.90086,1.30942,-175,0.929679
27.68,-1.89826,1.30942,-175,0.930897
27.7,-1.89566,1.30942,-175,0.932104
27.72,-1.89308,1.30942,-175,0.9333
27.74,-1.89051,1.30942,-175,0.934485
27.76,-1.88795,1.30942,-175,0.93566
27.78,-1.88541,1.30942,-175,0.936824
27.8,-1.88288,1.30942,-175,0.937977
27.82,-1.88036,1.30942,-175,0.93912
27.84,-1.87786,1.30942,-175,0.940252
27.86,-1.87537,1.30942,-175,0.941373
27.88,-1.87289,1.30942,-175,0.942483
27.9,-1.87043,1.30942,-175,0.943582
27.92,-1.86798,1.30942,-175,0.944671
27.94,-1.86555,1.30942,-175,0.945749
27.96,-1.86313,1.30942,-175,0.946817
27.98,-1.86073,1.30942,-175,0.947874
28,-1.85834,1.30942,-175,0.94892
28.02,-1.85596,1.30942,-175,0.949955
28.04,-1.8536,1.30942,-175,0.95098
28.06,-1.85126,1.30942,-175,0.951994
28.08,-1.84894,1.30942,-175,0.952997
28.1,-1.84662,1.30942,-175,0.95399
28.12,-1.84433,1.30942,-175,0.954972
28.14,-1.84205,1.30942,-175,0.955943
28.16,-1.83979,1.30942,-175,0.956904
28.18,-1.83754,1.30942,-175,0.957854
28.2,-1.83531,1.30942,-175,0.958793
28.22,-1.8331,1.30942,-175,0.959722
28.24,-1.8309,1.30942,-175,0.96064
28.26,-1.82873,1.30942,-175,0.961548
28.28,-1.82657,1.30942,-175,0.962445
28.3,-1.82442,1.30942,-175,0.963331
28.32,-1.8223,1.30942,-175,0.964207
28.34,-1.82019,1.30942,-175,0.965072
28.36,-1.8181,1.30942,-175,0.965927
28.38,-1.81603,1.30942,-175,0.966771
28.4,-1.81398,1.30942,-175,0.967604
28.42,-1.81194,1.30942,-175,0.968427
28.44,-1.80993,1.30942,-175,0.969239
28.46,-1.80793,1.30942,-175,0.970041
28.48,-1.80595,1.30942,-175,0.970832
28.5,-1.80399,1.30942,-175,0.971613
28.52,-1.80206,1.30942,-175,0.972383
28.54,-1.80014,1.30942,-175,0.973143
28.56,-1.79824,1.30942,-175,0.973891
28.58,-1.79636,1.30942,-175,0.97463
28.6,-1.7945,1.30942,-175,0.975358
28.62,-1.79266,1.30942,-175,0.976075
28.64,-1.79084,1.30942,-175,0.976782
28.66,-1.78905,1.30942,-175,0.977479
28.68,-1.78727,1.30942,-175,0.978164
28.7,-1.78552,1.30942,-175,0.97884
28.72,-1.78378,1.30942,-175,0.979505
28.74,-1.78207,1.30942,-175,0.980159
28.76,-1.78038,1.30942,-175,0.980803
28.78,-1.77871,1.30942,-175,0.981437
28.8,-1.77706,1.30942,-175,0.98206
28.82,-1.77544,1.30942,-175,0.982672
28.84,-1.77383,1.30942,-175,0.983274
28.86,-1.77225,1.30942,-175,0.983866
28.88,-1.77069,1.30942,-175,0.984447
28.9,-1.76916,1.30942,-175,0.985018
28.92,-1.76765,1.30942,-175,0.985578
28.94,-1.76616,1.30942,-175,0.986128
28.96,-1.76469,1.30942,-175,0.986667
28.98,-1.76325,1.30942,-175,0.987196
29,-1.76183,1.30942,-175,0.987715
29.02,-1.76043,1.30942,-175,0.988223
29.04,-1.75906,1.30942,-175,0.988721
29.06,-1.75772,1.30942,-175,0.989209
29.08,-1.75639,1.30942,-175,0.989686
29.1,-1.7551,1.30942,-175,0.990152
29.12,-1.75382,1.30942,-175,0.990608
29.14,-1.75257,1.30942,-175,0.991054
29.16,-1.75135,1.30942,-175,0.99149
29.18,-1.75015,1.30942,-175,0.991915
29.2,-1.74898,1.30942,-175,0.99233
29.22,-1.74783,1.30942,-175,0.992734
29.24,-1.74671,1.30942,-175,0.993128
29.26,-1.74561,1.30942,-175,0.993512
29.28,-1.74454,1.30942,-175,0.993886
29.3,-1.7435,1.30942,-175,0.994249
29.32,-1.74248,1.30942,-175,0.994601
29.34,-1.74149,1.30942,-175,0.994944
29.36,-1.74053,1.30942,-175,0.995276
29.38,-1.73959,1.30942,-175,0.995598
29.4,-1.73868,1.30942,-175,0.995909
29.42,-1.7378,1.30942,-175,0.996211
29.44,-1.73694,1.30942,-175,0.996502
29.46,-1.73612,1.30942,-175,0.996782
29.48,-1.73532,1.30942,-175,0.997053
29.5,-1.73455,1.30942,-175,0.997313
29.52,-1.7338,1.30942,-175,0.997563
29.54,-1.73309,1.30942,-175,0.997802
29.56,-1.7324,1.30942,-175,0.998032
29.58,-1.73174,1.30942,-175,0.998251
29.6,-1.73111,1.30942,-175,0.998459
29.62,-1.73051,1.30942,-175,0.998658
29.64,-1.72994,1.30942,-175,0.998846
29.66,-1.7294,1.30942,-175,0.999024
29.68,-1.72889,1.30942,-175,0.999192
29.7,-1.7284,1.30942,-175,0.99935
29.72,-1.72795,1.30942,-175,0.999498
29.74,-1.72753,1.30942,-175,0.999635
29.76,-1.72714,1.30942,-175,0.999762
29.78,-1.72678,1.30942,-175,0.999879
29.8,-1.72644,1.30942,-175,0.999985
29.82,-1.72614,1.30942,-175,1.00008
29.84,-1.72587,1.30942,-175,1.00017
29.86,-1.72564,1.30942,-175,1.00024
29.88,-1.72543,1.30942,-175,1.00031
29.9,-1.72525,1.30942,-175,1.00037
29.92,-1.72511,1.30942,-175,1.00041
29.94,-1.72499,1.30942,-175,1.00045
29.96,-1.72491,1.30942,-175,1.00047
29.98,-1.72487,1.30942,-175,1.00049
30,-1.72485,1.30942,-175,1.00049
