Time,theta1_vel,theta2_vel,d3_vel,theta4_vel
0,0,0,0,0
0.02,-0.00194693,0.00232226,0,-0.00617466
0.04,-0.00388346,0.00463335,0,-0.0123163
0.06,-0.00580957,0.00693327,0,-0.0184249
0.08,-0.00772527,0.00922201,0,-0.0245005
0.1,-0.00963056,0.0114996,0,-0.0305431
0.12,-0.0115254,0.013766,0,-0.0365527
0.14,-0.0134099,0.0160212,0,-0.0425292
0.16,-0.015284,0.0182652,0,-0.0484728
0.18,-0.0171476,0.0204981,0,-0.0543833
0.2,-0.0190008,0.0227198,0,-0.0602608
0.22,-0.0208437,0.0249303,0,-0.0661052
0.24,-0.0226761,0.0271297,0,-0.0719167
0.26,-0.0244981,0.0293179,0,-0.0776951
0.28,-0.0263096,0.0314949,0,-0.0834405
0.3,-0.0281108,0.0336607,0,-0.0891529
0.32,-0.0299016,0.0358154,0,-0.0948323
0.34,-0.0316819,0.0379589,0,-0.100479
0.36,-0.0334519,0.0400912,0,-0.106092
0.38,-0.0352114,0.0422123,0,-0.111672
0.4,-0.0369605,0.0443223,0,-0.11722
0.42,-0.0386992,0.0464211,0,-0.122734
0.44,-0.0404275,0.0485087,0,-0.128215
0.46,-0.0421454,0.0505851,0,-0.133663
0.48,-0.0438529,0.0526504,0,-0.139079
0.5,-0.0455499,0.0547045,0,-0.144461
0.52,-0.0472366,0.0567474,0,-0.14981
0.54,-0.0489128,0.0587791,0,-0.155126
0.56,-0.0505787,0.0607997,0,-0.160409
0.58,-0.0522341,0.0628091,0,-0.165659
0.6,-0.0538791,0.0648073,0,-0.170876
0.62,-0.0555137,0.0667944,0,-0.17606
0.64,-0.0571378,0.0687703,0,-0.181212
0.66,-0.0587516,0.070735,0,-0.18633
0.68,-0.060355,0.0726885,0,-0.191415
0.7,-0.0619479,0.0746309,0,-0.196467
0.72,-0.0635305,0.0765621,0,-0.201486
0.74,-0.0651026,0.0784821,0,-0.206472
0.76,-0.0666643,0.0803909,0,-0.211424
0.78,-0.0682156,0.0822886,0,-0.216344
0.8,-0.0697565,0.0841751,0,-0.221231
0.82,-0.071287,0.0860504,0,-0.226085
0.84,-0.072807,0.0879145,0,-0.230906
0.86,-0.0743167,0.0897675,0,-0.235694
0.88,-0.0758159,0.0916093,0,-0.240449
0.9,-0.0773048,0.0934399,0,-0.24517
0.92,-0.0787832,0.0952593,0,-0.249859
0.94,-0.0802512,0.0970676,0,-0.254515
0.96,-0.0817088,0.0988647,0,-0.259138
0.98,-0.083156,0.100651,0,-0.263727
1,-0.0845927,0.102425,0,-0.268284
1.02,-0.0860191,0.104189,0,-0.272808
1.04,-0.0874351,0.105941,0,-0.277299
1.06,-0.0888406,0.107683,0,-0.281756
1.08,-0.0902357,0.109413,0,-0.286181
1.1,-0.0916205,0.111132,0,-0.290572
1.12,-0.0929948,0.112839,0,-0.294931
1.14,-0.0943587,0.114536,0,-0.299257
1.16,-0.0957121,0.116221,0,-0.303549
1.18,-0.0970552,0.117895,0,-0.307809
1.2,-0.0983879,0.119558,0,-0.312035
1.22,-0.0997101,0.12121,0,-0.316229
1.24,-0.101022,0.122851,0,-0.320389
1.26,-0.102323,0.12448,0,-0.324517
1.28,-0.103614,0.126099,0,-0.328611
1.3,-0.104895,0.127706,0,-0.332672
1.32,-0.106165,0.129302,0,-0.336701
1.34,-0.107425,0.130887,0,-0.340696
1.36,-0.108674,0.13246,0,-0.344658
1.38,-0.109913,0.134023,0,-0.348588
1.4,-0.111142,0.135574,0,-0.352484
1.42,-0.11236,0.137114,0,-0.356347
1.44,-0.113568,0.138643,0,-0.360178
1.46,-0.114765,0.140161,0,-0.363975
1.48,-0.115952,0.141667,0,-0.367739
1.5,-0.117128,0.143163,0,-0.37147
1.52,-0.118295,0.144647,0,-0.375169
1.54,-0.11945,0.14612,0,-0.378834
1.56,-0.120595,0.147582,0,-0.382466
1.58,-0.12173,0.149033,0,-0.386065
1.6,-0.122855,0.150472,0,-0.389631
1.62,-0.123969,0.151901,0,-0.393164
1.64,-0.125072,0.153318,0,-0.396664
1.66,-0.126166,0.154724,0,-0.400131
1.68,-0.127248,0.156119,0,-0.403565
1.7,-0.128321,0.157502,0,-0.406966
1.72,-0.129383,0.158875,0,-0.410334
1.74,-0.130434,0.160236,0,-0.413669
1.76,-0.131475,0.161586,0,-0.416971
1.78,-0.132506,0.162925,0,-0.42024
1.8,-0.133526,0.164253,0,-0.423476
1.82,-0.134536,0.16557,0,-0.426679
1.84,-0.135536,0.166875,0,-0.429849
1.86,-0.136525,0.168169,0,-0.432986
1.88,-0.137504,0.169453,0,-0.43609
1.9,-0.138472,0.170725,0,-0.439161
1.92,-0.13943,0.171985,0,-0.442198
1.94,-0.140377,0.173235,0,-0.445203
1.96,-0.141314,0.174473,0,-0.448175
1.98,-0.142241,0.175701,0,-0.451114
2,-0.143157,0.176917,0,-0.454019
2.02,-0.144063,0.178121,0,-0.456892
2.04,-0.144958,0.179315,0,-0.459732
2.06,-0.145843,0.180498,0,-0.462538
2.08,-0.146718,0.181669,0,-0.465312
2.1,-0.147582,0.182829,0,-0.468053
2.12,-0.148436,0.183978,0,-0.47076
2.14,-0.149279,0.185116,0,-0.473435
2.16,-0.150112,0.186243,0,-0.476076
2.18,-0.150934,0.187358,0,-0.478685
2.2,-0.151746,0.188463,0,-0.481261
2.22,-0.152548,0.189556,0,-0.483803
2.24,-0.153339,0.190638,0,-0.486313
2.26,-0.15412,0.191709,0,-0.488789
2.28,-0.154891,0.192768,0,-0.491232
2.3,-0.155651,0.193817,0,-0.493643
2.32,-0.1564,0.194854,0,-0.49602
2.34,-0.157139,0.19588,0,-0.498365
2.36,-0.157868,0.196895,0,-0.500676
2.38,-0.158587,0.197899,0,-0.502954
2.4,-0.159295,0.198892,0,-0.5052
2.42,-0.159992,0.199873,0,-0.507412
2.44,-0.160679,0.200843,0,-0.509591
2.46,-0.161356,0.201802,0,-0.511738
2.48,-0.162022,0.20275,0,-0.513851
2.5,-0.162678,0.203687,0,-0.515931
2.52,-0.163324,0.204612,0,-0.517978
2.54,-0.163959,0.205527,0,-0.519993
2.56,-0.164584,0.20643,0,-0.521974
2.58,-0.165198,0.207322,0,-0.523922
2.6,-0.165802,0.208203,0,-0.525837
2.62,-0.166395,0.209073,0,-0.527719
2.64,-0.166978,0.209931,0,-0.529568
2.66,-0.167551,0.210778,0,-0.531384
2.68,-0.168113,0.211615,0,-0.533167
2.7,-0.168665,0.21244,0,-0.534917
2.72,-0.169206,0.213253,0,-0.536634
2.74,-0.169737,0.214056,0,-0.538318
2.76,-0.170258,0.214848,0,-0.539969
2.78,-0.170768,0.215628,0,-0.541587
2.8,-0.171268,0.216397,0,-0.543172
2.82,-0.171757,0.217155,0,-0.544724
2.84,-0.172236,0.217902,0,-0.546243
2.86,-0.172705,0.218637,0,-0.547729
2.88,-0.173163,0.219362,0,-0.549182
2.9,-0.17361,0.220075,0,-0.550602
2.92,-0.174048,0.220777,0,-0.551989
2.94,-0.174474,0.221468,0,-0.553342
2.96,-0.174891,0.222148,0,-0.554663
2.98,-0.175297,0.222816,0,-0.555951
3,-0.175693,0.223474,0,-0.557206
3.02,-0.176078,0.22412,0,-0.558427
3.04,-0.176453,0.224755,0,-0.559616
3.06,-0.176817,0.225379,0,-0.560772
3.08,-0.177171,0.225991,0,-0.561894
3.1,-0.177515,0.226593,0,-0.562984
3.12,-0.177848,0.227183,0,-0.564041
3.14,-0.178171,0.227762,0,-0.565064
3.16,-0.178483,0.22833,0,-0.566055
3.18,-0.178785,0.228887,0,-0.567012
3.2,-0.179076,0.229433,0,-0.567937
3.22,-0.179357,0.229967,0,-0.568829
3.24,-0.179628,0.230491,0,-0.569687
3.26,-0.179888,0.231003,0,-0.570512
3.28,-0.180138,0.231504,0,-0.571305
3.3,-0.180378,0.231994,0,-0.572064
3.32,-0.180607,0.232472,0,-0.572791
3.34,-0.180825,0.23294,0,-0.573484
3.36,-0.181034,0.233396,0,-0.574145
3.38,-0.181232,0.233841,0,-0.574772
3.4,-0.181419,0.234275,0,-0.575366
3.42,-0.181596,0.234698,0,-0.575928
3.44,-0.181762,0.235109,0,-0.576456
3.46,-0.181919,0.23551,0,-0.576951
3.48,-0.182064,0.235899,0,-0.577414
3.5,-0.1822,0.236277,0,-0.577843
3.52,-0.182325,0.236644,0,-0.578239
3.54,-0.182439,0.236999,0,-0.578602
3.56,-0.182543,0.237344,0,-0.578932
3.58,-0.182637,0.237677,0,-0.57923
3.6,-0.18272,0.237999,0,-0.579494
3.62,-0.182793,0.23831,0,-0.579725
3.64,-0.182856,0.23861,0,-0.579923
3.66,-0.182908,0.238899,0,-0.580088
3.68,-0.182949,0.239176,0,-0.58022
3.7,-0.182981,0.239443,0,-0.580319
3.72,-0.183001,0.239698,0,-0.580385
3.74,-0.183012,0.239942,0,-0.580418
3.76,-0.183012,0.240175,0,-0.580418
3.78,-0.183001,0.240396,0,-0.580385
3.8,-0.182981,0.240607,0,-0.580319
3.82,-0.182949,0.240806,0,-0.58022
3.84,-0.182908,0.240994,0,-0.580088
3.86,-0.182856,0.241171,0,-0.579923
3.88,-0.182793,0.241337,0,-0.579725
3.9,-0.18272,0.241491,0,-0.579494
3.92,-0.182637,0.241635,0,-0.57923
3.94,-0.182543,0.241767,0,-0.578932
3.96,-0.182439,0.241888,0,-0.578602
3.98,-0.182325,0.241998,0,-0.578239
4,-0.1822,0.242096,0,-0.577843
4.02,-0.182064,0.242184,0,-0.577414
4.04,-0.181919,0.24226,0,-0.576951
4.06,-0.181762,0.242325,0,-0.576456
4.08,-0.181596,0.242379,0,-0.575928
4.1,-0.181419,0.242422,0,-0.575366
4.12,-0.181232,0.242454,0,-0.574772
4.14,-0.181034,0.242474,0,-0.574145
4.16,-0.180825,0.242484,0,-0.573484
4.18,-0.180607,0.242482,0,-0.572791
4.2,-0.180378,0.242469,0,-0.572064
4.22,-0.180138,0.242445,0,-0.571305
4.24,-0.179888,0.242409,0,-0.570512
4.26,-0.179628,0.242363,0,-0.569687
4.28,-0.179357,0.242305,0,-0.568829
4.3,-0.179076,0.242236,0,-0.567937
4.32,-0.178785,0.242156,0,-0.567012
4.34,-0.178483,0.242065,0,-0.566055
4.36,-0.178171,0.241962,0,-0.565064
4.38,-0.177848,0.241849,0,-0.564041
4.4,-0.177515,0.241724,0,-0.562984
4.42,-0.177171,0.241588,0,-0.561894
4.44,-0.176817,0.241441,0,-0.560772
4.46,-0.176453,0.241283,0,-0.559616
4.48,-0.176078,0.241113,0,-0.558427
4.5,-0.175693,0.240932,0,-0.557206
4.52,-0.175297,0.240741,0,-0.555951
4.54,-0.174891,0.240538,0,-0.554663
4.56,-0.174474,0.240324,0,-0.553342
4.58,-0.174048,0.240098,0,-0.551989
4.6,-0.17361,0.239862,0,-0.550602
4.62,-0.173163,0.239614,0,-0.549182
4.64,-0.172705,0.239355,0,-0.547729
4.66,-0.172236,0.239085,0,-0.546243
4.68,-0.171757,0.238804,0,-0.544724
4.7,-0.171268,0.238512,0,-0.543172
4.72,-0.170768,0.238208,0,-0.541587
4.74,-0.170258,0.237893,0,-0.539969
4.76,-0.169737,0.237567,0,-0.538318
4.78,-0.169206,0.23723,0,-0.536634
4.8,-0.168665,0.236882,0,-0.534917
4.82,-0.168113,0.236523,0,-0.533167
4.84,-0.167551,0.236152,0,-0.531384
4.86,-0.166978,0.23577,0,-0.529568
4.88,-0.166395,0.235377,0,-0.527719
4.9,-0.165802,0.234973,0,-0.525837
4.92,-0.165198,0.234558,0,-0.523922
4.94,-0.164584,0.234131,0,-0.521974
4.96,-0.163959,0.233694,0,-0.519993
4.98,-0.163324,0.233245,0,-0.517978
5,-0.162678,0.232785,0,-0.515931
5.02,-0.162022,0.232314,0,-0.513851
5.04,-0.161356,0.231832,0,-0.511738
5.06,-0.160679,0.231338,0,-0.509591
5.08,-0.159992,0.230833,0,-0.507412
5.1,-0.159295,0.230317,0,-0.5052
5.12,-0.158587,0.22979,0,-0.502954
5.14,-0.157868,0.229252,0,-0.500676
5.16,-0.157139,0.228703,0,-0.498365
5.18,-0.1564,0.228142,0,-0.49602
5.2,-0.155651,0.227571,0,-0.493643
5.22,-0.154891,0.226988,0,-0.491232
5.24,-0.15412,0.226394,0,-0.488789
5.26,-0.153339,0.225788,0,-0.486313
5.28,-0.152548,0.225172,0,-0.483803
5.3,-0.151746,0.224544,0,-0.481261
5.32,-0.150934,0.223906,0,-0.478685
5.34,-0.150112,0.223256,0,-0.476076
5.36,-0.149279,0.222595,0,-0.473435
5.38,-0.148436,0.221922,0,-0.47076
5.4,-0.147582,0.221239,0,-0.468053
5.42,-0.146718,0.220544,0,-0.465312
5.44,-0.145843,0.219838,0,-0.462538
5.46,-0.144958,0.219121,0,-0.459732
5.48,-0.144063,0.218393,0,-0.456892
5.5,-0.143157,0.217654,0,-0.454019
5.52,-0.142241,0.216903,0,-0.451114
5.54,-0.141314,0.216142,0,-0.448175
5.56,-0.140377,0.215369,0,-0.445203
5.58,-0.13943,0.214585,0,-0.442198
5.6,-0.138472,0.21379,0,-0.439161
5.62,-0.137504,0.212983,0,-0.43609
5.64,-0.136525,0.212166,0,-0.432986
5.66,-0.135536,0.211337,0,-0.429849
5.68,-0.134536,0.210497,0,-0.426679
5.7,-0.133526,0.209646,0,-0.423476
5.72,-0.132506,0.208784,0,-0.42024
5.74,-0.131475,0.207911,0,-0.416971
5.76,-0.130434,0.207026,0,-0.413669
5.78,-0.129383,0.20613,0,-0.410334
5.8,-0.128321,0.205223,0,-0.406966
5.82,-0.127248,0.204305,0,-0.403565
5.84,-0.126166,0.203376,0,-0.400131
5.86,-0.125072,0.202435,0,-0.396664
5.88,-0.123969,0.201484,0,-0.393164
5.9,-0.122855,0.200521,0,-0.389631
5.92,-0.12173,0.199547,0,-0.386065
5.94,-0.120595,0.198562,0,-0.382466
5.96,-0.11945,0.197566,0,-0.378834
5.98,-0.118295,0.196558,0,-0.375169
6,-0.117128,0.195539,0,-0.37147
6.02,-0.115952,0.19451,0,-0.367739
6.04,-0.114765,0.193469,0,-0.363975
6.06,-0.113568,0.192416,0,-0.360178
6.08,-0.11236,0.191353,0,-0.356347
6.1,-0.111142,0.190278,0,-0.352484
6.12,-0.109913,0.189193,0,-0.348588
6.14,-0.108674,0.188096,0,-0.344658
6.16,-0.107425,0.186988,0,-0.340696
6.18,-0.106165,0.185869,0,-0.336701
6.2,-0.104895,0.184738,0,-0.332672
6.22,-0.103614,0.183597,0,-0.328611
6.24,-0.102323,0.182444,0,-0.324517
6.26,-0.101022,0.18128,0,-0.320389
6.28,-0.0997101,0.180105,0,-0.316229
6.3,-0.0983879,0.178919,0,-0.312035
6.32,-0.0970552,0.177721,0,-0.307809
6.34,-0.0957121,0.176512,0,-0.303549
6.36,-0.0943587,0.175293,0,-0.299257
6.38,-0.0929948,0.174062,0,-0.294931
6.4,-0.0916205,0.17282,0,-0.290572
6.42,-0.0902357,0.171566,0,-0.286181
6.44,-0.0888406,0.170302,0,-0.281756
6.46,-0.0874351,0.169026,0,-0.277299
6.48,-0.0860191,0.167739,0,-0.272808
6.5,-0.0845927,0.166441,0,-0.268284
6.52,-0.083156,0.165132,0,-0.263727
6.54,-0.0817088,0.163812,0,-0.259138
6.56,-0.0802512,0.16248,0,-0.254515
6.58,-0.0787832,0.161138,0,-0.249859
6.6,-0.0773048,0.159784,0,-0.24517
6.62,-0.0758159,0.158419,0,-0.240449
6.64,-0.0743167,0.157042,0,-0.235694
6.66,-0.072807,0.155655,0,-0.230906
6.68,-0.071287,0.154256,0,-0.226085
6.7,-0.0697565,0.152847,0,-0.221231
6.72,-0.0682156,0.151426,0,-0.216344
6.74,-0.0666643,0.149994,0,-0.211424
6.76,-0.0651026,0.14855,0,-0.206472
6.78,-0.0635305,0.147096,0,-0.201486
6.8,-0.0619479,0.14563,0,-0.196467
6.82,-0.060355,0.144154,0,-0.191415
6.84,-0.0587516,0.142666,0,-0.18633
6.86,-0.0571378,0.141166,0,-0.181212
6.88,-0.0555137,0.139656,0,-0.17606
6.9,-0.0538791,0.138135,0,-0.170876
6.92,-0.0522341,0.136602,0,-0.165659
6.94,-0.0505787,0.135058,0,-0.160409
6.96,-0.0489128,0.133503,0,-0.155126
6.98,-0.0472366,0.131937,0,-0.14981
7,-0.0455499,0.13036,0,-0.144461
7.02,-0.0438529,0.128771,0,-0.139079
7.04,-0.0421454,0.127171,0,-0.133663
7.06,-0.0404275,0.125561,0,-0.128215
7.08,-0.0386992,0.123938,0,-0.122734
7.1,-0.0369605,0.122305,0,-0.11722
7.12,-0.0352114,0.120661,0,-0.111672
7.14,-0.0334519,0.119005,0,-0.106092
7.16,-0.0316819,0.117339,0,-0.100479
7.18,-0.0299016,0.115661,0,-0.0948323
7.2,-0.0281108,0.113972,0,-0.0891529
7.22,-0.0263096,0.112271,0,-0.0834405
7.24,-0.0244981,0.11056,0,-0.0776951
7.26,-0.0226761,0.108837,0,-0.0719167
7.28,-0.0208437,0.107103,0,-0.0661052
7.3,-0.0190008,0.105358,0,-0.0602608
7.32,-0.0171476,0.103602,0,-0.0543833
7.34,-0.015284,0.101835,0,-0.0484728
7.36,-0.0134099,0.100057,0,-0.0425292
7.38,-0.0115254,0.0982669,0,-0.0365527
7.4,-0.00963056,0.0964661,0,-0.0305431
7.42,-0.00772527,0.0946541,0,-0.0245005
7.44,-0.00580957,0.0928309,0,-0.0184249
7.46,-0.00388346,0.0909966,0,-0.0123163
7.48,-0.00194693,0.0891511,0,-0.00617466
7.5,-1.11022e-16,0.0872944,0,0
7.5,0,0.0872944,0,0
7.52,0.00161916,0.0863651,0,0.000506622
7.54,0.00322967,0.0854395,0,0.00101352
7.56,0.00483152,0.0845177,0,0.0015207
7.58,0.00642471,0.0835996,0,0.00202815
7.6,0.00800924,0.0826852,0,0.00253588
7.62,0.00958511,0.0817746,0,0.00304389
7.64,0.0111523,0.0808676,0,0.00355218
7.66,0.0127109,0.0799644,0,0.00406074
7.68,0.0142608,0.079065,0,0.00456959
7.7,0.015802,0.0781692,0,0.0050787
7.72,0.0173346,0.0772772,0,0.0055881
7.74,0.0188585,0.0763889,0,0.00609777
7.76,0.0203738,0.0755043,0,0.00660773
7.78,0.0218804,0.0746234,0,0.00711795
7.8,0.0233783,0.0737463,0,0.00762846
7.82,0.0248676,0.0728729,0,0.00813924
7.84,0.0263482,0.0720032,0,0.00865031
7.86,0.0278202,0.0711372,0,0.00916164
7.88,0.0292835,0.070275,0,0.00967326
7.9,0.0307382,0.0694165,0,0.0101852
7.92,0.0321841,0.0685617,0,0.0106973
7.94,0.0336215,0.0677106,0,0.0112098
7.96,0.0350502,0.0668633,0,0.0117225
7.98,0.0364702,0.0660197,0,0.0122355
8,0.0378815,0.0651798,0,0.0127488
8.02,0.0392842,0.0643436,0,0.0132623
8.04,0.0406783,0.0635112,0,0.0137762
8.06,0.0420636,0.0626825,0,0.0142903
8.08,0.0434404,0.0618575,0,0.0148047
8.1,0.0448084,0.0610362,0,0.0153193
8.12,0.0461678,0.0602187,0,0.0158343
8.14,0.0475186,0.0594049,0,0.0163495
8.16,0.0488607,0.0585948,0,0.016865
8.18,0.0501941,0.0577884,0,0.0173808
8.2,0.0515189,0.0569858,0,0.0178969
8.22,0.052835,0.0561869,0,0.0184132
8.24,0.0541424,0.0553917,0,0.0189298
8.26,0.0554412,0.0546002,0,0.0194467
8.28,0.0567314,0.0538124,0,0.0199638
8.3,0.0580128,0.0530284,0,0.0204813
8.32,0.0592857,0.0522481,0,0.020999
8.34,0.0605498,0.0514716,0,0.021517
8.36,0.0618053,0.0506987,0,0.0220353
8.38,0.0630522,0.0499296,0,0.0225538
8.4,0.0642904,0.0491642,0,0.0230727
8.42,0.0655199,0.0484025,0,0.0235918
8.44,0.0667408,0.0476446,0,0.0241112
8.46,0.067953,0.0468903,0,0.0246308
8.48,0.0691565,0.0461398,0,0.0251508
8.5,0.0703514,0.0453931,0,0.025671
8.52,0.0715376,0.04465,0,0.0261915
8.54,0.0727152,0.0439107,0,0.0267122
8.56,0.0738841,0.0431751,0,0.0272333
8.58,0.0750444,0.0424432,0,0.0277546
8.6,0.076196,0.0417151,0,0.0282762
8.62,0.0773389,0.0409906,0,0.0287981
8.64,0.0784732,0.0402699,0,0.0293203
8.66,0.0795988,0.039553,0,0.0298427
8.68,0.0807158,0.0388397,0,0.0303654
8.7,0.0818241,0.0381302,0,0.0308884
8.72,0.0829237,0.0374244,0,0.0314117
8.74,0.0840147,0.0367223,0,0.0319352
8.76,0.0850971,0.0360239,0,0.032459
8.78,0.0861707,0.0353293,0,0.0329831
8.8,0.0872357,0.0346384,0,0.0335075
8.82,0.0882921,0.0339512,0,0.0340322
8.84,0.0893398,0.0332678,0,0.0345571
8.86,0.0903788,0.032588,0,0.0350823
8.88,0.0914092,0.031912,0,0.0356078
8.9,0.0924309,0.0312397,0,0.0361336
8.92,0.093444,0.0305712,0,0.0366596
8.94,0.0944484,0.0299064,0,0.0371859
8.96,0.0954441,0.0292452,0,0.0377125
8.98,0.0964312,0.0285879,0,0.0382394
9,0.0974096,0.0279342,0,0.0387666
9.02,0.0983794,0.0272843,0,0.039294
9.04,0.0993405,0.0266381,0,0.0398217
9.06,0.100293,0.0259956,0,0.0403497
9.08,0.101237,0.0253568,0,0.040878
9.1,0.102172,0.0247218,0,0.0414065
9.12,0.103098,0.0240905,0,0.0419353
9.14,0.104016,0.0234629,0,0.0424644
9.16,0.104925,0.022839,0,0.0429938
9.18,0.105826,0.0222189,0,0.0435234
9.2,0.106718,0.0216024,0,0.0440534
9.22,0.107601,0.0209898,0,0.0445836
9.24,0.108475,0.0203808,0,0.0451141
9.26,0.109341,0.0197756,0,0.0456448
9.28,0.110198,0.019174,0,0.0461759
9.3,0.111047,0.0185762,0,0.0467072
9.32,0.111887,0.0179822,0,0.0472388
9.34,0.112718,0.0173918,0,0.0477706
9.36,0.113541,0.0168052,0,0.0483028
9.38,0.114355,0.0162223,0,0.0488352
9.4,0.11516,0.0156432,0,0.0493679
9.42,0.115956,0.0150677,0,0.0499009
9.44,0.116744,0.014496,0,0.0504341
9.46,0.117524,0.013928,0,0.0509677
9.48,0.118294,0.0133637,0,0.0515015
9.5,0.119056,0.0128032,0,0.0520356
9.52,0.11981,0.0122464,0,0.0525699
9.54,0.120554,0.0116933,0,0.0531046
9.56,0.12129,0.0111439,0,0.0536395
9.58,0.122017,0.0105982,0,0.0541747
9.6,0.122736,0.0100563,0,0.0547102
9.62,0.123446,0.00951811,0,0.0552459
9.64,0.124147,0.00898364,0,0.055782
9.66,0.12484,0.00845289,0,0.0563183
9.68,0.125524,0.00792586,0,0.0568549
9.7,0.1262,0.00740256,0,0.0573917
9.72,0.126866,0.00688299,0,0.0579289
9.74,0.127524,0.00636714,0,0.0584663
9.76,0.128174,0.00585501,0,0.059004
9.78,0.128814,0.00534661,0,0.059542
9.8,0.129447,0.00484193,0,0.0600802
9.82,0.13007,0.00434097,0,0.0606187
9.84,0.130685,0.00384375,0,0.0611576
9.86,0.131291,0.00335024,0,0.0616966
9.88,0.131888,0.00286046,0,0.062236
9.9,0.132477,0.00237441,0,0.0627756
9.92,0.133057,0.00189208,0,0.0633155
9.94,0.133629,0.00141347,0,0.0638557
9.96,0.134192,0.000938589,0,0.0643962
9.98,0.134746,0.000467432,0,0.064937
10,0.135291,0,0,0.065478
10.02,0.135828,-0.000463708,0,0.0660193
10.04,0.136356,-0.000923691,0,0.0665609
10.06,0.136876,-0.00137995,0,0.0671027
10.08,0.137387,-0.00183248,0,0.0676449
10.1,0.137889,-0.00228129,0,0.0681873
10.12,0.138382,-0.00272638,0,0.06873
10.14,0.138867,-0.00316774,0,0.0692729
10.16,0.139343,-0.00360537,0,0.0698162
10.18,0.139811,-0.00403929,0,0.0703597
10.2,0.14027,-0.00446947,0,0.0709035
10.22,0.14072,-0.00489593,0,0.0714476
10.24,0.141162,-0.00531867,0,0.0719919
10.26,0.141595,-0.00573768,0,0.0725366
10.28,0.142019,-0.00615297,0,0.0730815
10.3,0.142435,-0.00656454,0,0.0736267
10.32,0.142841,-0.00697238,0,0.0741721
10.34,0.14324,-0.00737649,0,0.0747179
10.36,0.143629,-0.00777688,0,0.0752639
10.38,0.14401,-0.00817355,0,0.0758102
10.4,0.144383,-0.00856649,0,0.0763568
10.42,0.144746,-0.0089557,0,0.0769036
10.44,0.145101,-0.0093412,0,0.0774508
10.46,0.145448,-0.00972296,0,0.0779982
10.48,0.145785,-0.010101,0,0.0785458
10.5,0.146114,-0.0104753,0,0.0790938
10.52,0.146435,-0.0108459,0,0.079642
10.54,0.146747,-0.0112128,0,0.0801906
10.56,0.14705,-0.0115759,0,0.0807394
10.58,0.147344,-0.0119354,0,0.0812884
10.6,0.14763,-0.012291,0,0.0818378
10.62,0.147907,-0.012643,0,0.0823874
10.64,0.148175,-0.0129913,0,0.0829373
10.66,0.148435,-0.0133358,0,0.0834875
10.68,0.148686,-0.0136766,0,0.084038
10.7,0.148929,-0.0140137,0,0.0845887
10.72,0.149162,-0.014347,0,0.0851397
10.74,0.149387,-0.0146766,0,0.085691
10.76,0.149604,-0.0150025,0,0.0862426
10.78,0.149812,-0.0153247,0,0.0867944
10.8,0.150011,-0.0156432,0,0.0873465
10.82,0.150201,-0.0159579,0,0.0878989
10.84,0.150383,-0.0162689,0,0.0884516
10.86,0.150556,-0.0165762,0,0.0890046
10.88,0.150721,-0.0168797,0,0.0895578
10.9,0.150877,-0.0171795,0,0.0901113
10.92,0.151024,-0.0174756,0,0.0906651
10.94,0.151162,-0.017768,0,0.0912192
10.96,0.151292,-0.0180567,0,0.0917735
10.98,0.151414,-0.0183416,0,0.0923281
11,0.151526,-0.0186228,0,0.092883
11.02,0.15163,-0.0189003,0,0.0934382
11.04,0.151725,-0.019174,0,0.0939937
11.06,0.151812,-0.0194441,0,0.0945494
11.08,0.15189,-0.0197104,0,0.0951054
11.1,0.151959,-0.019973,0,0.0956617
11.12,0.15202,-0.0202318,0,0.0962183
11.14,0.152072,-0.0204869,0,0.0967751
11.16,0.152115,-0.0207384,0,0.0973322
11.18,0.15215,-0.020986,0,0.0978896
11.2,0.152175,-0.02123,0,0.0984473
11.22,0.152193,-0.0214702,0,0.0990052
11.24,0.152201,-0.0217067,0,0.0995635
11.26,0.152201,-0.0219395,0,0.100122
11.28,0.152193,-0.0221686,0,0.100681
11.3,0.152175,-0.0223939,0,0.10124
11.32,0.15215,-0.0226155,0,0.101799
11.34,0.152115,-0.0228334,0,0.102359
11.36,0.152072,-0.0230476,0,0.102919
11.38,0.15202,-0.023258,0,0.103479
11.4,0.151959,-0.0234647,0,0.104039
11.42,0.15189,-0.0236677,0,0.1046
11.44,0.151812,-0.023867,0,0.105161
11.46,0.151725,-0.0240625,0,0.105722
11.48,0.15163,-0.0242543,0,0.106284
11.5,0.151526,-0.0244424,0,0.106846
11.52,0.151414,-0.0246268,0,0.107408
11.54,0.151292,-0.0248074,0,0.10797
11.56,0.151162,-0.0249843,0,0.108533
11.58,0.151024,-0.0251575,0,0.109096
11.6,0.150877,-0.025327,0,0.109659
11.62,0.150721,-0.0254928,0,0.110223
11.64,0.150556,-0.0256548,0,0.110786
11.66,0.150383,-0.0258131,0,0.11135
11.68,0.150201,-0.0259676,0,0.111915
11.7,0.150011,-0.0261185,0,0.112479
11.72,0.149812,-0.0262656,0,0.113044
11.74,0.149604,-0.026409,0,0.113609
11.76,0.149387,-0.0265487,0,0.114175
11.78,0.149162,-0.0266846,0,0.11474
11.8,0.148929,-0.0268168,0,0.115306
11.82,0.148686,-0.0269453,0,0.115873
11.84,0.148435,-0.0270701,0,0.116439
11.86,0.148175,-0.0271912,0,0.117006
11.88,0.147907,-0.0273085,0,0.117573
11.9,0.14763,-0.0274221,0,0.118141
11.92,0.147344,-0.0275319,0,0.118708
11.94,0.14705,-0.0276381,0,0.119276
11.96,0.146747,-0.0277405,0,0.119844
11.98,0.146435,-0.0278392,0,0.120413
12,0.146114,-0.0279342,0,0.120982
12.02,0.145785,-0.0280255,0,0.121551
12.04,0.145448,-0.028113,0,0.12212
12.06,0.145101,-0.0281968,0,0.12269
12.08,0.144746,-0.0282769,0,0.12326
12.1,0.144383,-0.0283532,0,0.12383
12.12,0.14401,-0.0284258,0,0.1244
12.14,0.143629,-0.0284947,0,0.124971
12.16,0.14324,-0.0285599,0,0.125542
12.18,0.142841,-0.0286214,0,0.126113
12.2,0.142435,-0.0286791,0,0.126685
12.22,0.142019,-0.0287331,0,0.127257
12.24,0.141595,-0.0287834,0,0.127829
12.26,0.141162,-0.02883,0,0.128401
12.28,0.14072,-0.0288728,0,0.128974
12.3,0.14027,-0.0289119,0,0.129547
12.32,0.139811,-0.0289473,0,0.13012
12.34,0.139343,-0.0289789,0,0.130693
12.36,0.138867,-0.0290069,0,0.131267
12.38,0.138382,-0.0290311,0,0.131841
12.4,0.137889,-0.0290516,0,0.132415
12.42,0.137387,-0.0290683,0,0.13299
12.44,0.136876,-0.0290814,0,0.133565
12.46,0.136356,-0.0290907,0,0.13414
12.48,0.135828,-0.0290963,0,0.134715
12.5,0.135291,-0.0290981,0,0.135291
12.52,0.134746,-0.0290963,0,0.135867
12.54,0.134192,-0.0290907,0,0.136443
12.56,0.133629,-0.0290814,0,0.13702
12.58,0.133057,-0.0290683,0,0.137597
12.6,0.132477,-0.0290516,0,0.138174
12.62,0.131888,-0.0290311,0,0.138751
12.64,0.131291,-0.0290069,0,0.139329
12.66,0.130685,-0.0289789,0,0.139907
12.68,0.13007,-0.0289473,0,0.140485
12.7,0.129447,-0.0289119,0,0.141063
12.72,0.128814,-0.0288728,0,0.141642
12.74,0.128174,-0.02883,0,0.142221
12.76,0.127524,-0.0287834,0,0.142801
12.78,0.126866,-0.0287331,0,0.14338
12.8,0.1262,-0.0286791,0,0.14396
12.82,0.125524,-0.0286214,0,0.14454
12.84,0.12484,-0.0285599,0,0.145121
12.86,0.124147,-0.0284947,0,0.145701
12.88,0.123446,-0.0284258,0,0.146282
12.9,0.122736,-0.0283532,0,0.146864
12.92,0.122017,-0.0282769,0,0.147445
12.94,0.12129,-0.0281968,0,0.148027
12.96,0.120554,-0.028113,0,0.148609
12.98,0.11981,-0.0280255,0,0.149191
13,0.119056,-0.0279342,0,0.149774
13.02,0.118294,-0.0278392,0,0.150357
13.04,0.117524,-0.0277405,0,0.15094
13.06,0.116744,-0.0276381,0,0.151524
13.08,0.115956,-0.0275319,0,0.152107
13.1,0.11516,-0.0274221,0,0.152691
13.12,0.114355,-0.0273085,0,0.153276
13.14,0.113541,-0.0271912,0,0.15386
13.16,0.112718,-0.0270701,0,0.154445
13.18,0.111887,-0.0269453,0,0.15503
13.2,0.111047,-0.0268168,0,0.155616
13.22,0.110198,-0.0266846,0,0.156201
13.24,0.109341,-0.0265487,0,0.156787
13.26,0.108475,-0.026409,0,0.157374
13.28,0.107601,-0.0262656,0,0.15796
13.3,0.106718,-0.0261185,0,0.158547
13.32,0.105826,-0.0259676,0,0.159134
13.34,0.104925,-0.0258131,0,0.159721
13.36,0.104016,-0.0256548,0,0.160309
13.38,0.103098,-0.0254928,0,0.160897
13.4,0.102172,-0.025327,0,0.161485
13.42,0.101237,-0.0251575,0,0.162074
13.44,0.100293,-0.0249843,0,0.162662
13.46,0.0993405,-0.0248074,0,0.163251
13.48,0.0983794,-0.0246268,0,0.163841
13.5,0.0974096,-0.0244424,0,0.16443
13.52,0.0964312,-0.0242543,0,0.16502
13.54,0.0954441,-0.0240625,0,0.16561
13.56,0.0944484,-0.023867,0,0.166201
13.58,0.093444,-0.0236677,0,0.166791
13.6,0.0924309,-0.0234647,0,0.167382
13.62,0.0914092,-0.023258,0,0.167974
13.64,0.0903788,-0.0230476,0,0.168565
13.66,0.0893398,-0.0228334,0,0.169157
13.68,0.0882921,-0.0226155,0,0.169749
13.7,0.0872357,-0.0223939,0,0.170341
13.72,0.0861707,-0.0221686,0,0.170934
13.74,0.0850971,-0.0219395,0,0.171527
13.76,0.0840147,-0.0217067,0,0.17212
13.78,0.0829237,-0.0214702,0,0.172714
13.8,0.0818241,-0.02123,0,0.173307
13.82,0.0807158,-0.020986,0,0.173901
13.84,0.0795988,-0.0207384,0,0.174496
13.86,0.0784732,-0.0204869,0,0.17509
13.88,0.0773389,-0.0202318,0,0.175685
13.9,0.076196,-0.019973,0,0.17628
13.92,0.0750444,-0.0197104,0,0.176876
13.94,0.0738841,-0.0194441,0,0.177471
13.96,0.0727152,-0.019174,0,0.178067
13.98,0.0715376,-0.0189003,0,0.178663
14,0.0703514,-0.0186228,0,0.17926
14.02,0.0691565,-0.0183416,0,0.179857
14.04,0.067953,-0.0180567,0,0.180454
14.06,0.0667408,-0.017768,0,0.181051
14.08,0.0655199,-0.0174756,0,0.181649
14.1,0.0642904,-0.0171795,0,0.182247
14.12,0.0630522,-0.0168797,0,0.182845
14.14,0.0618053,-0.0165762,0,0.183443
14.16,0.0605498,-0.0162689,0,0.184042
14.18,0.0592857,-0.0159579,0,0.184641
14.2,0.0580128,-0.0156432,0,0.18524
14.22,0.0567314,-0.0153247,0,0.18584
14.24,0.0554412,-0.0150025,0,0.18644
14.26,0.0541424,-0.0146766,0,0.18704
14.28,0.052835,-0.014347,0,0.18764
14.3,0.0515189,-0.0140137,0,0.188241
14.32,0.0501941,-0.0136766,0,0.188842
14.34,0.0488607,-0.0133358,0,0.189443
14.36,0.0475186,-0.0129913,0,0.190045
14.38,0.0461678,-0.012643,0,0.190646
14.4,0.0448084,-0.012291,0,0.191249
14.42,0.0434404,-0.0119354,0,0.191851
14.44,0.0420636,-0.0115759,0,0.192453
14.46,0.0406783,-0.0112128,0,0.193056
14.48,0.0392842,-0.0108459,0,0.19366
14.5,0.0378815,-0.0104753,0,0.194263
14.52,0.0364702,-0.010101,0,0.194867
14.54,0.0350502,-0.00972296,0,0.195471
14.56,0.0336215,-0.0093412,0,0.196075
14.58,0.0321841,-0.0089557,0,0.19668
14.6,0.0307382,-0.00856649,0,0.197284
14.62,0.0292835,-0.00817355,0,0.19789
14.64,0.0278202,-0.00777688,0,0.198495
14.66,0.0263482,-0.00737649,0,0.199101
14.68,0.0248676,-0.00697238,0,0.199707
14.7,0.0233783,-0.00656454,0,0.200313
14.72,0.0218804,-0.00615297,0,0.200919
14.74,0.0203738,-0.00573768,0,0.201526
14.76,0.0188585,-0.00531867,0,0.202133
14.78,0.0173346,-0.00489593,0,0.20274
14.8,0.015802,-0.00446947,0,0.203348
14.82,0.0142608,-0.00403929,0,0.203956
14.84,0.0127109,-0.00360537,0,0.204564
14.86,0.0111523,-0.00316774,0,0.205173
14.88,0.00958511,-0.00272638,0,0.205781
14.9,0.00800924,-0.00228129,0,0.20639
14.92,0.00642471,-0.00183248,0,0.207
14.94,0.00483152,-0.00137995,0,0.207609
14.96,0.00322967,-0.000923691,0,0.208219
14.98,0.00161916,-0.000463708,0,0.208829
15,0,0,0,0.20944
15,0,0,0,0.20944
15.02,-0.00830336,0,0,0.211162
15.04,-0.0165623,0,0,0.212876
15.06,-0.0247769,0,0,0.214581
15.08,-0.032947,0,0,0.216276
15.1,-0.0410728,0,0,0.217962
15.12,-0.0491541,0,0,0.219639
15.14,-0.057191,0,0,0.221307
15.16,-0.0651836,0,0,0.222965
15.18,-0.0731317,0,0,0.224614
15.2,-0.0810354,0,0,0.226254
15.22,-0.0888948,0,0,0.227885
15.24,-0.0967097,0,0,0.229507
15.26,-0.10448,0,0,0.231119
15.28,-0.112206,0,0,0.232722
15.3,-0.119888,0,0,0.234316
15.32,-0.127525,0,0,0.235901
15.34,-0.135118,0,0,0.237476
15.36,-0.142667,0,0,0.239043
15.38,-0.150171,0,0,0.2406
15.4,-0.157631,0,0,0.242148
15.42,-0.165046,0,0,0.243686
15.44,-0.172417,0,0,0.245216
15.46,-0.179743,0,0,0.246736
15.48,-0.187025,0,0,0.248247
15.5,-0.194263,0,0,0.249749
15.52,-0.201456,0,0,0.251241
15.54,-0.208605,0,0,0.252725
15.56,-0.21571,0,0,0.254199
15.58,-0.22277,0,0,0.255664
15.6,-0.229785,0,0,0.25712
15.62,-0.236757,0,0,0.258566
15.64,-0.243684,0,0,0.260003
15.66,-0.250566,0,0,0.261431
15.68,-0.257404,0,0,0.26285
15.7,-0.264198,0,0,0.26426
15.72,-0.270947,0,0,0.265661
15.74,-0.277652,0,0,0.267052
15.76,-0.284312,0,0,0.268434
15.78,-0.290928,0,0,0.269807
15.8,-0.2975,0,0,0.27117
15.82,-0.304027,0,0,0.272525
15.84,-0.31051,0,0,0.27387
15.86,-0.316948,0,0,0.275206
15.88,-0.323342,0,0,0.276532
15.9,-0.329692,0,0,0.27785
15.92,-0.335997,0,0,0.279158
15.94,-0.342258,0,0,0.280457
15.96,-0.348475,0,0,0.281747
15.98,-0.354647,0,0,0.283028
16,-0.360774,0,0,0.284299
16.02,-0.366857,0,0,0.285562
16.04,-0.372896,0,0,0.286815
16.06,-0.378891,0,0,0.288059
16.08,-0.384841,0,0,0.289293
16.1,-0.390746,0,0,0.290519
16.12,-0.396607,0,0,0.291735
16.14,-0.402424,0,0,0.292942
16.16,-0.408197,0,0,0.29414
16.18,-0.413925,0,0,0.295328
16.2,-0.419608,0,0,0.296507
16.22,-0.425247,0,0,0.297678
16.24,-0.430842,0,0,0.298838
16.26,-0.436392,0,0,0.29999
16.28,-0.441898,0,0,0.301133
16.3,-0.44736,0,0,0.302266
16.32,-0.452777,0,0,0.30339
16.34,-0.45815,0,0,0.304505
16.36,-0.463478,0,0,0.30561
16.38,-0.468762,0,0,0.306707
16.4,-0.474002,0,0,0.307794
16.42,-0.479197,0,0,0.308872
16.44,-0.484348,0,0,0.309941
16.46,-0.489454,0,0,0.311
16.48,-0.494516,0,0,0.312051
16.5,-0.499533,0,0,0.313092
16.52,-0.504507,0,0,0.314124
16.54,-0.509435,0,0,0.315146
16.56,-0.51432,0,0,0.31616
16.58,-0.51916,0,0,0.317164
16.6,-0.523955,0,0,0.318159
16.62,-0.528706,0,0,0.319145
16.64,-0.533413,0,0,0.320122
16.66,-0.538075,0,0,0.321089
16.68,-0.542693,0,0,0.322047
16.7,-0.547267,0,0,0.322996
16.72,-0.551796,0,0,0.323936
16.74,-0.55628,0,0,0.324867
16.76,-0.560721,0,0,0.325788
16.78,-0.565117,0,0,0.3267
16.8,-0.569468,0,0,0.327603
16.82,-0.573775,0,0,0.328497
16.84,-0.578038,0,0,0.329381
16.86,-0.582256,0,0,0.330257
16.88,-0.58643,0,0,0.331123
16.9,-0.59056,0,0,0.33198
16.92,-0.594645,0,0,0.332827
16.94,-0.598685,0,0,0.333666
16.96,-0.602682,0,0,0.334495
16.98,-0.606633,0,0,0.335315
17,-0.610541,0,0,0.336126
17.02,-0.614404,0,0,0.336927
17.04,-0.618223,0,0,0.33772
17.06,-0.621997,0,0,0.338503
17.08,-0.625727,0,0,0.339277
17.1,-0.629412,0,0,0.340041
17.12,-0.633053,0,0,0.340797
17.14,-0.63665,0,0,0.341543
17.16,-0.640202,0,0,0.34228
17.18,-0.64371,0,0,0.343008
17.2,-0.647173,0,0,0.343727
17.22,-0.650592,0,0,0.344436
17.24,-0.653967,0,0,0.345136
17.26,-0.657297,0,0,0.345827
17.28,-0.660583,0,0,0.346509
17.3,-0.663825,0,0,0.347182
17.32,-0.667022,0,0,0.347845
17.34,-0.670174,0,0,0.348499
17.36,-0.673282,0,0,0.349144
17.38,-0.676346,0,0,0.34978
17.4,-0.679366,0,0,0.350407
17.42,-0.682341,0,0,0.351024
17.44,-0.685271,0,0,0.351632
17.46,-0.688157,0,0,0.352231
17.48,-0.690999,0,0,0.352821
17.5,-0.693797,0,0,0.353401
17.52,-0.69655,0,0,0.353972
17.54,-0.699258,0,0,0.354534
17.56,-0.701922,0,0,0.355087
17.58,-0.704542,0,0,0.355631
17.6,-0.707117,0,0,0.356165
17.62,-0.709648,0,0,0.35669
17.64,-0.712135,0,0,0.357206
17.66,-0.714577,0,0,0.357713
17.68,-0.716975,0,0,0.35821
17.7,-0.719328,0,0,0.358699
17.72,-0.721637,0,0,0.359178
17.74,-0.723902,0,0,0.359648
17.76,-0.726122,0,0,0.360108
17.78,-0.728298,0,0,0.36056
17.8,-0.730429,0,0,0.361002
17.82,-0.732516,0,0,0.361435
17.84,-0.734558,0,0,0.361859
17.86,-0.736557,0,0,0.362274
17.88,-0.73851,0,0,0.362679
17.9,-0.74042,0,0,0.363075
17.92,-0.742285,0,0,0.363462
17.94,-0.744105,0,0,0.36384
17.96,-0.745881,0,0,0.364208
17.98,-0.747613,0,0,0.364568
18,-0.7493,0,0,0.364918
18.02,-0.750943,0,0,0.365259
18.04,-0.752542,0,0,0.365591
18.06,-0.754096,0,0,0.365913
18.08,-0.755605,0,0,0.366226
18.1,-0.757071,0,0,0.36653
18.12,-0.758492,0,0,0.366825
18.14,-0.759868,0,0,0.367111
18.16,-0.7612,0,0,0.367387
18.18,-0.762488,0,0,0.367654
18.2,-0.763731,0,0,0.367912
18.22,-0.76493,0,0,0.368161
18.24,-0.766085,0,0,0.368401
18.26,-0.767195,0,0,0.368631
18.28,-0.76826,0,0,0.368852
18.3,-0.769282,0,0,0.369064
18.32,-0.770258,0,0,0.369267
18.34,-0.771191,0,0,0.36946
18.36,-0.772079,0,0,0.369644
18.38,-0.772923,0,0,0.36982
18.4,-0.773722,0,0,0.369985
18.42,-0.774477,0,0,0.370142
18.44,-0.775187,0,0,0.370289
18.46,-0.775853,0,0,0.370428
18.48,-0.776475,0,0,0.370557
18.5,-0.777052,0,0,0.370676
18.52,-0.777585,0,0,0.370787
18.54,-0.778073,0,0,0.370888
18.56,-0.778517,0,0,0.37098
18.58,-0.778917,0,0,0.371063
18.6,-0.779272,0,0,0.371137
18.62,-0.779583,0,0,0.371202
18.64,-0.779849,0,0,0.371257
18.66,-0.780072,0,0,0.371303
18.68,-0.780249,0,0,0.37134
18.7,-0.780382,0,0,0.371367
18.72,-0.780471,0,0,0.371386
18.74,-0.780516,0,0,0.371395
18.76,-0.780516,0,0,0.371395
18.78,-0.780471,0,0,0.371386
18.8,-0.780382,0,0,0.371367
18.82,-0.780249,0,0,0.37134
18.84,-0.780072,0,0,0.371303
18.86,-0.779849,0,0,0.371257
18.88,-0.779583,0,0,0.371202
18.9,-0.779272,0,0,0.371137
18.92,-0.778917,0,0,0.371063
18.94,-0.778517,0,0,0.37098
18.96,-0.778073,0,0,0.370888
18.98,-0.777585,0,0,0.370787
19,-0.777052,0,0,0.370676
19.02,-0.776475,0,0,0.370557
19.04,-0.775853,0,0,0.370428
19.06,-0.775187,0,0,0.370289
19.08,-0.774477,0,0,0.370142
19.1,-0.773722,0,0,0.369985
19.12,-0.772923,0,0,0.36982
19.14,-0.772079,0,0,0.369644
19.16,-0.771191,0,0,0.36946
19.18,-0.770258,0,0,0.369267
19.2,-0.769282,0,0,0.369064
19.22,-0.76826,0,0,0.368852
19.24,-0.767195,0,0,0.368631
19.26,-0.766085,0,0,0.368401
19.28,-0.76493,0,0,0.368161
19.3,-0.763731,0,0,0.367912
19.32,-0.762488,0,0,0.367654
19.34,-0.7612,0,0,0.367387
19.36,-0.759868,0,0,0.367111
19.38,-0.758492,0,0,0.366825
19.4,-0.757071,0,0,0.36653
19.42,-0.755605,0,0,0.366226
19.44,-0.754096,0,0,0.365913
19.46,-0.752542,0,0,0.365591
19.48,-0.750943,0,0,0.365259
19.5,-0.7493,0,0,0.364918
19.52,-0.747613,0,0,0.364568
19.54,-0.745881,0,0,0.364208
19.56,-0.744105,0,0,0.36384
19.58,-0.742285,0,0,0.363462
19.6,-0.74042,0,0,0.363075
19.62,-0.73851,0,0,0.362679
19.64,-0.736557,0,0,0.362274
19.66,-0.734558,0,0,0.361859
19.68,-0.732516,0,0,0.361435
19.7,-0.730429,0,0,0.361002
19.72,-0.728298,0,0,0.36056
19.74,-0.726122,0,0,0.360108
19.76,-0.723902,0,0,0.359648
19.78,-0.721637,0,0,0.359178
19.8,-0.719328,0,0,0.358699
19.82,-0.716975,0,0,0.35821
19.84,-0.714577,0,0,0.357713
19.86,-0.712135,0,0,0.357206
19.88,-0.709648,0,0,0.35669
19.9,-0.707117,0,0,0.356165
19.92,-0.704542,0,0,0.355631
19.94,-0.701922,0,0,0.355087
19.96,-0.699258,0,0,0.354534
19.98,-0.69655,0,0,0.353972
20,-0.693797,0,0,0.353401
20.02,-0.690999,0,0,0.352821
20.04,-0.688157,0,0,0.352231
20.06,-0.685271,0,0,0.351632
20.08,-0.682341,0,0,0.351024
20.1,-0.679366,0,0,0.350407
20.12,-0.676346,0,0,0.34978
20.14,-0.673282,0,0,0.349144
20.16,-0.670174,0,0,0.348499
20.18,-0.667022,0,0,0.347845
20.2,-0.663825,0,0,0.347182
20.22,-0.660583,0,0,0.346509
20.24,-0.657297,0,0,0.345827
20.26,-0.653967,0,0,0.345136
20.28,-0.650592,0,0,0.344436
20.3,-0.647173,0,0,0.343727
20.32,-0.64371,0,0,0.343008
20.34,-0.640202,0,0,0.34228
20.36,-0.63665,0,0,0.341543
20.38,-0.633053,0,0,0.340797
20.4,-0.629412,0,0,0.340041
20.42,-0.625727,0,0,0.339277
20.44,-0.621997,0,0,0.338503
20.46,-0.618223,0,0,0.33772
20.48,-0.614404,0,0,0.336927
20.5,-0.610541,0,0,0.336126
20.52,-0.606633,0,0,0.335315
20.54,-0.602682,0,0,0.334495
20.56,-0.598685,0,0,0.333666
20.58,-0.594645,0,0,0.332827
20.6,-0.59056,0,0,0.33198
20.62,-0.58643,0,0,0.331123
20.64,-0.582256,0,0,0.330257
20.66,-0.578038,0,0,0.329381
20.68,-0.573775,0,0,0.328497
20.7,-0.569468,0,0,0.327603
20.72,-0.565117,0,0,0.3267
20.74,-0.560721,0,0,0.325788
20.76,-0.55628,0,0,0.324867
20.78,-0.551796,0,0,0.323936
20.8,-0.547267,0,0,0.322996
20.82,-0.542693,0,0,0.322047
20.84,-0.538075,0,0,0.321089
20.86,-0.533413,0,0,0.320122
20.88,-0.528706,0,0,0.319145
20.9,-0.523955,0,0,0.318159
20.92,-0.51916,0,0,0.317164
20.94,-0.51432,0,0,0.31616
20.96,-0.509435,0,0,0.315146
20.98,-0.504507,0,0,0.314124
21,-0.499533,0,0,0.313092
21.02,-0.494516,0,0,0.312051
21.04,-0.489454,0,0,0.311
21.06,-0.484348,0,0,0.309941
21.08,-0.479197,0,0,0.308872
21.1,-0.474002,0,0,0.307794
21.12,-0.468762,0,0,0.306707
21.14,-0.463478,0,0,0.30561
21.16,-0.45815,0,0,0.304505
21.18,-0.452777,0,0,0.30339
21.2,-0.44736,0,0,0.302266
21.22,-0.441898,0,0,0.301133
21.24,-0.436392,0,0,0.29999
21.26,-0.430842,0,0,0.298838
21.28,-0.425247,0,0,0.297678
21.3,-0.419608,0,0,0.296507
21.32,-0.413925,0,0,0.295328
21.34,-0.408197,0,0,0.29414
21.36,-0.402424,0,0,0.292942
21.38,-0.396607,0,0,0.291735
21.4,-0.390746,0,0,0.290519
21.42,-0.384841,0,0,0.289293
21.44,-0.378891,0,0,0.288059
21.46,-0.372896,0,0,0.286815
21.48,-0.366857,0,0,0.285562
21.5,-0.360774,0,0,0.284299
21.52,-0.354647,0,0,0.283028
21.54,-0.348475,0,0,0.281747
21.56,-0.342258,0,0,0.280457
21.58,-0.335997,0,0,0.279158
21.6,-0.329692,0,0,0.27785
21.62,-0.323342,0,0,0.276532
21.64,-0.316948,0,0,0.275206
21.66,-0.31051,0,0,0.27387
21.68,-0.304027,0,0,0.272525
21.7,-0.2975,0,0,0.27117
21.72,-0.290928,0,0,0.269807
21.74,-0.284312,0,0,0.268434
21.76,-0.277652,0,0,0.267052
21.78,-0.270947,0,0,0.265661
21.8,-0.264198,0,0,0.26426
21.82,-0.257404,0,0,0.26285
21.84,-0.250566,0,0,0.261431
21.86,-0.243684,0,0,0.260003
21.88,-0.236757,0,0,0.258566
21.9,-0.229785,0,0,0.25712
21.92,-0.22277,0,0,0.255664
21.94,-0.21571,0,0,0.254199
21.96,-0.208605,0,0,0.252725
21.98,-0.201456,0,0,0.251241
22,-0.194263,0,0,0.249749
22.02,-0.187025,0,0,0.248247
22.04,-0.179743,0,0,0.246736
22.06,-0.172417,0,0,0.245216
22.08,-0.165046,0,0,0.243686
22.1,-0.157631,0,0,0.242148
22.12,-0.150171,0,0,0.2406
22.14,-0.142667,0,0,0.239043
22.16,-0.135118,0,0,0.237476
22.18,-0.127525,0,0,0.235901
22.2,-0.119888,0,0,0.234316
22.22,-0.112206,0,0,0.232722
22.24,-0.10448,0,0,0.231119
22.26,-0.0967097,0,0,0.229507
22.28,-0.0888948,0,0,0.227885
22.3,-0.0810354,0,0,0.226254
22.32,-0.0731317,0,0,0.224614
22.34,-0.0651836,0,0,0.222965
22.36,-0.057191,0,0,0.221307
22.38,-0.0491541,0,0,0.219639
22.4,-0.0410728,0,0,0.217962
22.42,-0.032947,0,0,0.216276
22.44,-0.0247769,0,0,0.214581
22.46,-0.0165623,0,0,0.212876
22.48,-0.00830336,0,0,0.211162
22.5,0,0,0,0.20944
22.5,0,0,0,0.20944
22.52,0.00161916,0,0,0.208829
22.54,0.00322967,0,0,0.208219
22.56,0.00483152,0,0,0.207609
22.58,0.00642471,0,0,0.207
22.6,0.00800924,0,0,0.20639
22.62,0.00958511,0,0,0.205781
22.64,0.0111523,0,0,0.205173
22.66,0.0127109,0,0,0.204564
22.68,0.0142608,0,0,0.203956
22.7,0.015802,0,0,0.203348
22.72,0.0173346,0,0,0.20274
22.74,0.0188585,0,0,0.202133
22.76,0.0203738,0,0,0.201526
22.78,0.0218804,0,0,0.200919
22.8,0.0233783,0,0,0.200313
22.82,0.0248676,0,0,0.199707
22.84,0.0263482,0,0,0.199101
22.86,0.0278202,0,0,0.198495
22.88,0.0292835,0,0,0.19789
22.9,0.0307382,0,0,0.197284
22.92,0.0321841,0,0,0.19668
22.94,0.0336215,0,0,0.196075
22.96,0.0350502,0,0,0.195471
22.98,0.0364702,0,0,0.194867
23,0.0378815,0,0,0.194263
23.02,0.0392842,0,0,0.19366
23.04,0.0406783,0,0,0.193056
23.06,0.0420636,0,0,0.192453
23.08,0.0434404,0,0,0.191851
23.1,0.0448084,0,0,0.191249
23.12,0.0461678,0,0,0.190646
23.14,0.0475186,0,0,0.190045
23.16,0.0488607,0,0,0.189443
23.18,0.0501941,0,0,0.188842
23.2,0.0515189,0,0,0.188241
23.22,0.052835,0,0,0.18764
23.24,0.0541424,0,0,0.18704
23.26,0.0554412,0,0,0.18644
23.28,0.0567314,0,0,0.18584
23.3,0.0580128,0,0,0.18524
23.32,0.0592857,0,0,0.184641
23.34,0.0605498,0,0,0.184042
23.36,0.0618053,0,0,0.183443
23.38,0.0630522,0,0,0.182845
23.4,0.0642904,0,0,0.182247
23.42,0.0655199,0,0,0.181649
23.44,0.0667408,0,0,0.181051
23.46,0.067953,0,0,0.180454
23.48,0.0691565,0,0,0.179857
23.5,0.0703514,0,0,0.17926
23.52,0.0715376,0,0,0.178663
23.54,0.0727152,0,0,0.178067
23.56,0.0738841,0,0,0.177471
23.58,0.0750444,0,0,0.176876
23.6,0.076196,0,0,0.17628
23.62,0.0773389,0,0,0.175685
23.64,0.0784732,0,0,0.17509
23.66,0.0795988,0,0,0.174496
23.68,0.0807158,0,0,0.173901
23.7,0.0818241,0,0,0.173307
23.72,0.0829237,0,0,0.172714
23.74,0.0840147,0,0,0.17212
23.76,0.0850971,0,0,0.171527
23.78,0.0861707,0,0,0.170934
23.8,0.0872357,0,0,0.170341
23.82,0.0882921,0,0,0.169749
23.84,0.0893398,0,0,0.169157
23.86,0.0903788,0,0,0.168565
23.88,0.0914092,0,0,0.167974
23.9,0.0924309,0,0,0.167382
23.92,0.093444,0,0,0.166791
23.94,0.0944484,0,0,0.166201
23.96,0.0954441,0,0,0.16561
23.98,0.0964312,0,0,0.16502
24,0.0974096,0,0,0.16443
24.02,0.0983794,0,0,0.163841
24.04,0.0993405,0,0,0.163251
24.06,0.100293,0,0,0.162662
24.08,0.101237,0,0,0.162074
24.1,0.102172,0,0,0.161485
24.12,0.103098,0,0,0.160897
24.14,0.104016,0,0,0.160309
24.16,0.104925,0,0,0.159721
24.18,0.105826,0,0,0.159134
24.2,0.106718,0,0,0.158547
24.22,0.107601,0,0,0.15796
24.24,0.108475,0,0,0.157374
24.26,0.109341,0,0,0.156787
24.28,0.110198,0,0,0.156201
24.3,0.111047,0,0,0.155616
24.32,0.111887,0,0,0.15503
24.34,0.112718,0,0,0.154445
24.36,0.113541,0,0,0.15386
24.38,0.114355,0,0,0.153276
24.4,0.11516,0,0,0.152691
24.42,0.115956,0,0,0.152107
24.44,0.116744,0,0,0.151524
24.46,0.117524,0,0,0.15094
24.48,0.118294,0,0,0.150357
24.5,0.119056,0,0,0.149774
24.52,0.11981,0,0,0.149191
24.54,0.120554,0,0,0.148609
24.56,0.12129,0,0,0.148027
24.58,0.122017,0,0,0.147445
24.6,0.122736,0,0,0.146864
24.62,0.123446,0,0,0.146282
24.64,0.124147,0,0,0.145701
24.66,0.12484,0,0,0.145121
24.68,0.125524,0,0,0.14454
24.7,0.1262,0,0,0.14396
24.72,0.126866,0,0,0.14338
24.74,0.127524,0,0,0.142801
24.76,0.128174,0,0,0.142221
24.78,0.128814,0,0,0.141642
24.8,0.129447,0,0,0.141063
24.82,0.13007,0,0,0.140485
24.84,0.130685,0,0,0.139907
24.86,0.131291,0,0,0.139329
24.88,0.131888,0,0,0.138751
24.9,0.132477,0,0,0.138174
24.92,0.133057,0,0,0.137597
24.94,0.133629,0,0,0.13702
24.96,0.134192,0,0,0.136443
24.98,0.134746,0,0,0.135867
25,0.135291,0,0,0.135291
25.02,0.135828,0,0,0.134715
25.04,0.136356,0,0,0.13414
25.06,0.136876,0,0,0.133565
25.08,0.137387,0,0,0.13299
25.1,0.137889,0,0,0.132415
25.12,0.138382,0,0,0.131841
25.14,0.138867,0,0,0.131267
25.16,0.139343,0,0,0.130693
25.18,0.139811,0,0,0.13012
25.2,0.14027,0,0,0.129547
25.22,0.14072,0,0,0.128974
25.24,0.141162,0,0,0.128401
25.26,0.141595,0,0,0.127829
25.28,0.142019,0,0,0.127257
25.3,0.142435,0,0,0.126685
25.32,0.142841,0,0,0.126113
25.34,0.14324,0,0,0.125542
25.36,0.143629,0,0,0.124971
25.38,0.14401,0,0,0.1244
25.4,0.144383,0,0,0.12383
25.42,0.144746,0,0,0.12326
25.44,0.145101,0,0,0.12269
25.46,0.145448,0,0,0.12212
25.48,0.145785,0,0,0.121551
25.5,0.146114,0,0,0.120982
25.52,0.146435,0,0,0.120413
25.54,0.146747,0,0,0.119844
25.56,0.14705,0,0,0.119276
25.58,0.147344,0,0,0.118708
25.6,0.14763,0,0,0.118141
25.62,0.147907,0,0,0.117573
25.64,0.148175,0,0,0.117006
25.66,0.148435,0,0,0.116439
25.68,0.148686,0,0,0.115873
25.7,0.148929,0,0,0.115306
25.72,0.149162,0,0,0.11474
25.74,0.149387,0,0,0.114175
25.76,0.149604,0,0,0.113609
25.78,0.149812,0,0,0.113044
25.8,0.150011,0,0,0.112479
25.82,0.150201,0,0,0.111915
25.84,0.150383,0,0,0.11135
25.86,0.150556,0,0,0.110786
25.88,0.150721,0,0,0.110223
25.9,0.150877,0,0,0.109659
25.92,0.151024,0,0,0.109096
25.94,0.151162,0,0,0.108533
25.96,0.151292,0,0,0.10797
25.98,0.151414,0,0,0.107408
26,0.151526,0,0,0.106846
26.02,0.15163,0,0,0.106284
26.04,0.151725,0,0,0.105722
26.06,0.151812,0,0,0.105161
26.08,0.15189,0,0,0.1046
26.1,0.151959,0,0,0.104039
26.12,0.15202,0,0,0.103479
26.14,0.152072,0,0,0.102919
26.16,0.152115,0,0,0.102359
26.18,0.15215,0,0,0.101799
26.2,0.152175,0,0,0.10124
26.22,0.152193,0,0,0.100681
26.24,0.152201,0,0,0.100122
26.26,0.152201,0,0,0.0995635
26.28,0.152193,0,0,0.0990052
26.3,0.152175,0,0,0.0984473
26.32,0.15215,0,0,0.0978896
26.34,0.152115,0,0,0.0973322
26.36,0.152072,0,0,0.0967751
26.38,0.15202,0,0,0.0962183
26.4,0.151959,0,0,0.0956617
26.42,0.15189,0,0,0.0951054
26.44,0.151812,0,0,0.0945494
26.46,0.151725,0,0,0.0939937
26.48,0.15163,0,0,0.0934382
26.5,0.151526,0,0,0.092883
26.52,0.151414,0,0,0.0923281
26.54,0.151292,0,0,0.0917735
26.56,0.151162,0,0,0.0912192
26.58,0.151024,0,0,0.0906651
26.6,0.150877,0,0,0.0901113
26.62,0.150721,0,0,0.0895578
26.64,0.150556,0,0,0.0890046
26.66,0.150383,0,0,0.0884516
26.68,0.150201,0,0,0.0878989
26.7,0.150011,0,0,0.0873465
26.72,0.149812,0,0,0.0867944
26.74,0.149604,0,0,0.0862426
26.76,0.149387,0,0,0.085691
26.78,0.149162,0,0,0.0851397
26.8,0.148929,0,0,0.0845887
26.82,0.148686,0,0,0.084038
26.84,0.148435,0,0,0.0834875
26.86,0.148175,0,0,0.0829373
26.88,0.147907,0,0,0.0823874
26.9,0.14763,0,0,0.0818378
26.92,0.147344,0,0,0.0812884
26.94,0.14705,0,0,0.0807394
26.96,0.146747,0,0,0.0801906
26.98,0.146435,0,0,0.079642
27,0.146114,0,0,0.0790938
27.02,0.145785,0,0,0.0785458
27.04,0.145448,0,0,0.0779982
27.06,0.145101,0,0,0.0774508
27.08,0.144746,0,0,0.0769036
27.1,0.144383,0,0,0.0763568
27.12,0.14401,0,0,0.0758102
27.14,0.143629,0,0,0.0752639
27.16,0.14324,0,0,0.0747179
27.18,0.142841,0,0,0.0741721
27.2,0.142435,0,0,0.0736267
27.22,0.142019,0,0,0.0730815
27.24,0.141595,0,0,0.0725366
27.26,0.141162,0,0,0.0719919
27.28,0.14072,0,0,0.0714476
27.3,0.14027,0,0,0.0709035
27.32,0.139811,0,0,0.0703597
27.34,0.139343,0,0,0.0698162
27.36,0.138867,0,0,0.0692729
27.38,0.138382,0,0,0.06873
27.4,0.137889,0,0,0.0681873
27.42,0.137387,0,0,0.0676449
27.44,0.136876,0,0,0.0671027
27.46,0.136356,0,0,0.0665609
27.48,0.135828,0,0,0.0660193
27.5,0.135291,0,0,0.065478
27.52,0.134746,0,0,0.064937
27.54,0.134192,0,0,0.0643962
27.56,0.133629,0,0,0.0638557
27.58,0.133057,0,0,0.0633155
27.6,0.132477,0,0,0.0627756
27.62,0.131888,0,0,0.062236
27.64,0.131291,0,0,0.0616966
27.66,0.130685,0,0,0.0611576
27.68,0.13007,0,0,0.0606187
27.7,0.129447,0,0,0.0600802
27.72,0.128814,0,0,0.059542
27.74,0.128174,0,0,0.059004
27.76,0.127524,0,0,0.0584663
27.78,0.126866,0,0,0.0579289
27.8,0.1262,0,0,0.0573917
27.82,0.125524,0,0,0.0568549
27.84,0.12484,0,0,0.0563183
27.86,0.124147,0,0,0.055782
27.88,0.123446,0,0,0.0552459
27.9,0.122736,0,0,0.0547102
27.92,0.122017,0,0,0.0541747
27.94,0.12129,0,0,0.0536395
27.96,0.120554,0,0,0.0531046
27.98,0.11981,0,0,0.0525699
28,0.119056,0,0,0.0520356
28.02,0.118294,0,0,0.0515015
28.04,0.117524,0,0,0.0509677
28.06,0.116744,0,0,0.0504341
28.08,0.115956,0,0,0.0499009
28.1,0.11516,0,0,0.0493679
28.12,0.114355,0,0,0.0488352
28.14,0.113541,0,0,0.0483028
28.16,0.112718,0,0,0.0477706
28.18,0.111887,0,0,0.0472388
28.2,0.111047,0,0,0.0467072
28.22,0.110198,0,0,0.0461759
28.24,0.109341,0,0,0.0456448
28.26,0.108475,0,0,0.0451141
28.28,0.107601,0,0,0.0445836
28.3,0.106718,0,0,0.0440534
28.32,0.105826,0,0,0.0435234
28.34,0.104925,0,0,0.0429938
28.36,0.104016,0,0,0.0424644
28.38,0.103098,0,0,0.0419353
28.4,0.102172,0,0,0.0414065
28.42,0.101237,0,0,0.040878
28.44,0.100293,0,0,0.0403497
28.46,0.0993405,0,0,0.0398217
28.48,0.0983794,0,0,0.039294
28.5,0.0974096,0,0,0.0387666
28.52,0.0964312,0,0,0.0382394
28.54,0.0954441,0,0,0.0377125
28.56,0.0944484,0,0,0.0371859
28.58,0.093444,0,0,0.0366596
28.6,0.0924309,0,0,0.0361336
28.62,0.0914092,0,0,0.0356078
28.64,0.0903788,0,0,0.0350823
28.66,0.0893398,0,0,0.0345571
28.68,0.0882921,0,0,0.0340322
28.7,0.0872357,0,0,0.0335075
28.72,0.0861707,0,0,0.0329831
28.74,0.0850971,0,0,0.032459
28.76,0.0840147,0,0,0.0319352
28.78,0.0829237,0,0,0.0314117
28.8,0.0818241,0,0,0.0308884
28.82,0.0807158,0,0,0.0303654
28.84,0.0795988,0,0,0.0298427
28.86,0.0784732,0,0,0.0293203
28.88,0.0773389,0,0,0.0287981
28.9,0.076196,0,0,0.0282762
28.92,0.0750444,0,0,0.0277546
28.94,0.0738841,0,0,0.0272333
28.96,0.0727152,0,0,0.0267122
28.98,0.0715376,0,0,0.0261915
29,0.0703514,0,0,0.025671
29.02,0.0691565,0,0,0.0251508
29.04,0.067953,0,0,0.0246308
29.06,0.0667408,0,0,0.0241112
29.08,0.0655199,0,0,0.0235918
29.1,0.0642904,0,0,0.0230727
29.12,0.0630522,0,0,0.0225538
29.14,0.0618053,0,0,0.0220353
29.16,0.0605498,0,0,0.021517
29.18,0.0592857,0,0,0.020999
29.2,0.0580128,0,0,0.0204813
29.22,0.0567314,0,0,0.0199638
29.24,0.0554412,0,0,0.0194467
29.26,0.0541424,0,0,0.0189298
29.28,0.052835,0,0,0.0184132
29.3,0.0515189,0,0,0.0178969
29.32,0.0501941,0,0,0.0173808
29.34,0.0488607,0,0,0.016865
29.36,0.0475186,0,0,0.0163495
29.38,0.0461678,0,0,0.0158343
29.4,0.0448084,0,0,0.0153193
29.42,0.0434404,0,0,0.0148047
29.44,0.0420636,0,0,0.0142903
29.46,0.0406783,0,0,0.0137762
29.48,0.0392842,0,0,0.0132623
29.5,0.0378815,0,0,0.0127488
29.52,0.0364702,0,0,0.0122355
29.54,0.0350502,0,0,0.0117225
29.56,0.0336215,0,0,0.0112098
29.58,0.0321841,0,0,0.0106973
29.6,0.0307382,0,0,0.0101852
29.62,0.0292835,0,0,0.00967326
29.64,0.0278202,0,0,0.00916164
29.66,0.0263482,0,0,0.00865031
29.68,0.0248676,0,0,0.00813924
29.7,0.0233783,0,0,0.00762846
29.72,0.0218804,0,0,0.00711795
29.74,0.0203738,0,0,0.00660773
29.76,0.0188585,0,0,0.00609777
29.78,0.0173346,0,0,0.0055881
29.8,0.015802,0,0,0.0050787
29.82,0.0142608,0,0,0.00456959
29.84,0.0127109,0,0,0.00406074
29.86,0.0111523,0,0,0.00355218
29.88,0.00958511,0,0,0.00304389
29.9,0.00800924,0,0,0.00253588
29.92,0.00642471,0,0,0.00202815
29.94,0.00483152,0,0,0.0015207
29.96,0.00322967,0,0,0.00101352
29.98,0.00161916,0,0,0.000506622
30,1.11022e-16,0,0,9.02056e-17
